13-05-2025 08:00:59
 Status: failure13-05-2025 08:00:59
failure13-05-2025 08:00:59
 order_id: 490113-05-2025 08:00:59
 order_id: stdClass Object
(
    [payment_id] => 2644309422
    [action] => pay
    [status] => failure
    [err_code] => err_payment
    [err_description] => Failed to make payment. Please make sure the parameters are entered correctly and try again
    [version] => 3
    [type] => buy
    [paytype] => card
    [public_key] => i55388164303
    [acq_id] => 414963
    [order_id] => 4901
    [liqpay_order_id] => 0XGN2LOJ1747123258433729
    [description] => Payment for order № 4901
    [sender_first_name] => Test
    [sender_last_name] => Test
    [sender_card_mask2] => 424242*42
    [sender_card_bank] => Test
    [sender_card_type] => visa
    [sender_card_country] => 804
    [ip] => 178.151.152.228
    [amount] => 360
    [currency] => UAH
    [sender_commission] => 0
    [receiver_commission] => 5.4
    [agent_commission] => 0
    [amount_debit] => 360
    [amount_credit] => 360
    [commission_debit] => 0
    [commission_credit] => 5.4
    [currency_debit] => UAH
    [currency_credit] => UAH
    [sender_bonus] => 0
    [amount_bonus] => 0
    [mpi_eci] => 7
    [is_3ds] => 
    [language] => uk
    [create_date] => 1747123258435
    [end_date] => 1747123258964
    [transaction_id] => 2644309422
    [code] => err_payment
)
13-05-2025 08:02:43
 Status: failure13-05-2025 08:02:43
failure13-05-2025 08:02:43
 order_id: 490113-05-2025 08:02:43
 order_id: stdClass Object
(
    [payment_id] => 2644309422
    [action] => pay
    [status] => failure
    [err_code] => err_payment
    [err_description] => Failed to make payment. Please make sure the parameters are entered correctly and try again
    [version] => 3
    [type] => buy
    [paytype] => card
    [public_key] => i55388164303
    [acq_id] => 414963
    [order_id] => 4901
    [liqpay_order_id] => 0XGN2LOJ1747123258433729
    [description] => Payment for order № 4901
    [sender_first_name] => Test
    [sender_last_name] => Test
    [sender_card_mask2] => 424242*42
    [sender_card_bank] => Test
    [sender_card_type] => visa
    [sender_card_country] => 804
    [ip] => 178.151.152.228
    [amount] => 360
    [currency] => UAH
    [sender_commission] => 0
    [receiver_commission] => 5.4
    [agent_commission] => 0
    [amount_debit] => 360
    [amount_credit] => 360
    [commission_debit] => 0
    [commission_credit] => 5.4
    [currency_debit] => UAH
    [currency_credit] => UAH
    [sender_bonus] => 0
    [amount_bonus] => 0
    [mpi_eci] => 7
    [is_3ds] => 
    [language] => uk
    [create_date] => 1747123258435
    [end_date] => 1747123258964
    [transaction_id] => 2644309422
    [code] => err_payment
)
03-06-2025 07:49:39
 Status: failure03-06-2025 07:49:39
failure03-06-2025 07:49:39
 order_id: 524903-06-2025 07:49:39
 order_id: stdClass Object
(
    [payment_id] => 2655322349
    [action] => pay
    [status] => failure
    [err_code] => err_payment
    [err_description] => Failed to make payment. Please make sure the parameters are entered correctly and try again
    [version] => 3
    [type] => buy
    [paytype] => card
    [public_key] => i55388164303
    [acq_id] => 414963
    [order_id] => 5249
    [liqpay_order_id] => UXP2YDE81748936978599648
    [description] => Payment for order № 5249
    [sender_first_name] => Nat
    [sender_last_name] => AU
    [sender_card_mask2] => 424242*42
    [sender_card_bank] => Test
    [sender_card_type] => visa
    [sender_card_country] => 804
    [ip] => 178.151.152.228
    [amount] => 360
    [currency] => UAH
    [sender_commission] => 0
    [receiver_commission] => 5.4
    [agent_commission] => 0
    [amount_debit] => 360
    [amount_credit] => 360
    [commission_debit] => 0
    [commission_credit] => 5.4
    [currency_debit] => UAH
    [currency_credit] => UAH
    [sender_bonus] => 0
    [amount_bonus] => 0
    [mpi_eci] => 7
    [is_3ds] => 
    [language] => uk
    [create_date] => 1748936978601
    [end_date] => 1748936979113
    [transaction_id] => 2655322349
    [code] => err_payment
)
03-06-2025 07:51:23
 Status: failure03-06-2025 07:51:23
failure03-06-2025 07:51:23
 order_id: 524903-06-2025 07:51:23
 order_id: stdClass Object
(
    [payment_id] => 2655322349
    [action] => pay
    [status] => failure
    [err_code] => err_payment
    [err_description] => Failed to make payment. Please make sure the parameters are entered correctly and try again
    [version] => 3
    [type] => buy
    [paytype] => card
    [public_key] => i55388164303
    [acq_id] => 414963
    [order_id] => 5249
    [liqpay_order_id] => UXP2YDE81748936978599648
    [description] => Payment for order № 5249
    [sender_first_name] => Nat
    [sender_last_name] => AU
    [sender_card_mask2] => 424242*42
    [sender_card_bank] => Test
    [sender_card_type] => visa
    [sender_card_country] => 804
    [ip] => 178.151.152.228
    [amount] => 360
    [currency] => UAH
    [sender_commission] => 0
    [receiver_commission] => 5.4
    [agent_commission] => 0
    [amount_debit] => 360
    [amount_credit] => 360
    [commission_debit] => 0
    [commission_credit] => 5.4
    [currency_debit] => UAH
    [currency_credit] => UAH
    [sender_bonus] => 0
    [amount_bonus] => 0
    [mpi_eci] => 7
    [is_3ds] => 
    [language] => uk
    [create_date] => 1748936978601
    [end_date] => 1748936979113
    [transaction_id] => 2655322349
    [code] => err_payment
)
03-06-2025 07:53:26
 Status: success03-06-2025 07:53:26
success03-06-2025 07:53:26
 order_id: 524903-06-2025 07:53:26
 order_id: stdClass Object
(
    [payment_id] => 2655324227
    [action] => pay
    [status] => success
    [version] => 3
    [type] => buy
    [paytype] => card
    [public_key] => sandbox_i55978728567
    [acq_id] => 414963
    [order_id] => 5249
    [liqpay_order_id] => 5D9U15ND1748937205772075
    [description] => Payment for order № 5249
    [sender_first_name] => Nat
    [sender_last_name] => Au
    [sender_card_mask2] => 424242*42
    [sender_card_bank] => Test
    [sender_card_type] => visa
    [sender_card_country] => 804
    [ip] => 178.151.152.228
    [amount] => 360
    [currency] => UAH
    [sender_commission] => 0
    [receiver_commission] => 5.4
    [agent_commission] => 0
    [amount_debit] => 360
    [amount_credit] => 360
    [commission_debit] => 0
    [commission_credit] => 5.4
    [currency_debit] => UAH
    [currency_credit] => UAH
    [sender_bonus] => 0
    [amount_bonus] => 0
    [mpi_eci] => 7
    [is_3ds] => 
    [language] => uk
    [create_date] => 1748937205775
    [end_date] => 1748937205909
    [transaction_id] => 2655324227
)
03-06-2025 07:53:26
testestestetse03-06-2025 07:53:26
36003-06-2025 07:53:26
testestestetse03-06-2025 07:54:26
 Status: success03-06-2025 07:54:26
success03-06-2025 07:54:26
 order_id: 524903-06-2025 07:54:26
 order_id: stdClass Object
(
    [payment_id] => 2655324227
    [action] => pay
    [status] => success
    [version] => 3
    [type] => buy
    [paytype] => card
    [public_key] => sandbox_i55978728567
    [acq_id] => 414963
    [order_id] => 5249
    [liqpay_order_id] => 5D9U15ND1748937205772075
    [description] => Payment for order № 5249
    [sender_first_name] => Nat
    [sender_last_name] => Au
    [sender_card_mask2] => 424242*42
    [sender_card_bank] => Test
    [sender_card_type] => visa
    [sender_card_country] => 804
    [ip] => 178.151.152.228
    [amount] => 360
    [currency] => UAH
    [sender_commission] => 0
    [receiver_commission] => 5.4
    [agent_commission] => 0
    [amount_debit] => 360
    [amount_credit] => 360
    [commission_debit] => 0
    [commission_credit] => 5.4
    [currency_debit] => UAH
    [currency_credit] => UAH
    [sender_bonus] => 0
    [amount_bonus] => 0
    [mpi_eci] => 7
    [is_3ds] => 
    [language] => uk
    [create_date] => 1748937205775
    [end_date] => 1748937205909
    [transaction_id] => 2655324227
)
03-06-2025 07:55:09
 Status: success03-06-2025 07:55:09
success03-06-2025 07:55:09
 order_id: 524903-06-2025 07:55:09
 order_id: stdClass Object
(
    [payment_id] => 2655324227
    [action] => pay
    [status] => success
    [version] => 3
    [type] => buy
    [paytype] => card
    [public_key] => sandbox_i55978728567
    [acq_id] => 414963
    [order_id] => 5249
    [liqpay_order_id] => 5D9U15ND1748937205772075
    [description] => Payment for order № 5249
    [sender_first_name] => Nat
    [sender_last_name] => Au
    [sender_card_mask2] => 424242*42
    [sender_card_bank] => Test
    [sender_card_type] => visa
    [sender_card_country] => 804
    [ip] => 178.151.152.228
    [amount] => 360
    [currency] => UAH
    [sender_commission] => 0
    [receiver_commission] => 5.4
    [agent_commission] => 0
    [amount_debit] => 360
    [amount_credit] => 360
    [commission_debit] => 0
    [commission_credit] => 5.4
    [currency_debit] => UAH
    [currency_credit] => UAH
    [sender_bonus] => 0
    [amount_bonus] => 0
    [mpi_eci] => 7
    [is_3ds] => 
    [language] => uk
    [create_date] => 1748937205775
    [end_date] => 1748937205909
    [transaction_id] => 2655324227
)
03-06-2025 07:55:09
 Status: success03-06-2025 07:55:09
success03-06-2025 07:55:09
 order_id: 524903-06-2025 07:55:09
 order_id: stdClass Object
(
    [payment_id] => 2655324227
    [action] => pay
    [status] => success
    [version] => 3
    [type] => buy
    [paytype] => card
    [public_key] => sandbox_i55978728567
    [acq_id] => 414963
    [order_id] => 5249
    [liqpay_order_id] => 5D9U15ND1748937205772075
    [description] => Payment for order № 5249
    [sender_first_name] => Nat
    [sender_last_name] => Au
    [sender_card_mask2] => 424242*42
    [sender_card_bank] => Test
    [sender_card_type] => visa
    [sender_card_country] => 804
    [ip] => 178.151.152.228
    [amount] => 360
    [currency] => UAH
    [sender_commission] => 0
    [receiver_commission] => 5.4
    [agent_commission] => 0
    [amount_debit] => 360
    [amount_credit] => 360
    [commission_debit] => 0
    [commission_credit] => 5.4
    [currency_debit] => UAH
    [currency_credit] => UAH
    [sender_bonus] => 0
    [amount_bonus] => 0
    [mpi_eci] => 7
    [is_3ds] => 
    [language] => uk
    [create_date] => 1748937205775
    [end_date] => 1748937205909
    [transaction_id] => 2655324227
)
03-06-2025 11:01:50
 Status: success03-06-2025 11:01:50
success03-06-2025 11:01:50
 order_id: 525103-06-2025 11:01:50
 order_id: stdClass Object
(
    [payment_id] => 2655429692
    [action] => pay
    [status] => success
    [version] => 3
    [type] => buy
    [paytype] => card
    [public_key] => sandbox_i55978728567
    [acq_id] => 414963
    [order_id] => 5251
    [liqpay_order_id] => U0FYVXE91748948509392608
    [description] => Payment for order № 5251
    [sender_first_name] => Test
    [sender_last_name] => Test
    [sender_card_mask2] => 424242*42
    [sender_card_bank] => Test
    [sender_card_type] => visa
    [sender_card_country] => 804
    [ip] => 178.151.152.228
    [amount] => 24
    [currency] => UAH
    [sender_commission] => 0
    [receiver_commission] => 0.36
    [agent_commission] => 0
    [amount_debit] => 24
    [amount_credit] => 24
    [commission_debit] => 0
    [commission_credit] => 0.36
    [currency_debit] => UAH
    [currency_credit] => UAH
    [sender_bonus] => 0
    [amount_bonus] => 0
    [mpi_eci] => 7
    [is_3ds] => 
    [language] => uk
    [create_date] => 1748948509395
    [end_date] => 1748948509486
    [transaction_id] => 2655429692
)
03-06-2025 11:01:50
 order_id: IEi5s2ru9BgZQVjYt/glukAempA=03-06-2025 11:01:50
 Status: success03-06-2025 11:01:50
success03-06-2025 11:01:50
 order_id: 525103-06-2025 11:01:50
 order_id: stdClass Object
(
    [payment_id] => 2655429692
    [action] => pay
    [status] => success
    [version] => 3
    [type] => buy
    [paytype] => card
    [public_key] => sandbox_i55978728567
    [acq_id] => 414963
    [order_id] => 5251
    [liqpay_order_id] => U0FYVXE91748948509392608
    [description] => Payment for order № 5251
    [sender_first_name] => Test
    [sender_last_name] => Test
    [sender_card_mask2] => 424242*42
    [sender_card_bank] => Test
    [sender_card_type] => visa
    [sender_card_country] => 804
    [ip] => 178.151.152.228
    [amount] => 24
    [currency] => UAH
    [sender_commission] => 0
    [receiver_commission] => 0.36
    [agent_commission] => 0
    [amount_debit] => 24
    [amount_credit] => 24
    [commission_debit] => 0
    [commission_credit] => 0.36
    [currency_debit] => UAH
    [currency_credit] => UAH
    [sender_bonus] => 0
    [amount_bonus] => 0
    [mpi_eci] => 7
    [is_3ds] => 
    [language] => uk
    [create_date] => 1748948509395
    [end_date] => 1748948509486
    [transaction_id] => 2655429692
)
03-06-2025 11:01:50
testestestetse03-06-2025 11:01:50
2403-06-2025 11:01:50
testestestetse03-06-2025 11:02:50
 Status: success03-06-2025 11:02:50
success03-06-2025 11:02:50
 order_id: 525103-06-2025 11:02:50
 order_id: stdClass Object
(
    [payment_id] => 2655429692
    [action] => pay
    [status] => success
    [version] => 3
    [type] => buy
    [paytype] => card
    [public_key] => sandbox_i55978728567
    [acq_id] => 414963
    [order_id] => 5251
    [liqpay_order_id] => U0FYVXE91748948509392608
    [description] => Payment for order № 5251
    [sender_first_name] => Test
    [sender_last_name] => Test
    [sender_card_mask2] => 424242*42
    [sender_card_bank] => Test
    [sender_card_type] => visa
    [sender_card_country] => 804
    [ip] => 178.151.152.228
    [amount] => 24
    [currency] => UAH
    [sender_commission] => 0
    [receiver_commission] => 0.36
    [agent_commission] => 0
    [amount_debit] => 24
    [amount_credit] => 24
    [commission_debit] => 0
    [commission_credit] => 0.36
    [currency_debit] => UAH
    [currency_credit] => UAH
    [sender_bonus] => 0
    [amount_bonus] => 0
    [mpi_eci] => 7
    [is_3ds] => 
    [language] => uk
    [create_date] => 1748948509395
    [end_date] => 1748948509486
    [transaction_id] => 2655429692
)
03-06-2025 11:02:50
 order_id: IEi5s2ru9BgZQVjYt/glukAempA=03-06-2025 11:02:50
 Status: success03-06-2025 11:02:50
success03-06-2025 11:02:50
 order_id: 525103-06-2025 11:02:50
 order_id: stdClass Object
(
    [payment_id] => 2655429692
    [action] => pay
    [status] => success
    [version] => 3
    [type] => buy
    [paytype] => card
    [public_key] => sandbox_i55978728567
    [acq_id] => 414963
    [order_id] => 5251
    [liqpay_order_id] => U0FYVXE91748948509392608
    [description] => Payment for order № 5251
    [sender_first_name] => Test
    [sender_last_name] => Test
    [sender_card_mask2] => 424242*42
    [sender_card_bank] => Test
    [sender_card_type] => visa
    [sender_card_country] => 804
    [ip] => 178.151.152.228
    [amount] => 24
    [currency] => UAH
    [sender_commission] => 0
    [receiver_commission] => 0.36
    [agent_commission] => 0
    [amount_debit] => 24
    [amount_credit] => 24
    [commission_debit] => 0
    [commission_credit] => 0.36
    [currency_debit] => UAH
    [currency_credit] => UAH
    [sender_bonus] => 0
    [amount_bonus] => 0
    [mpi_eci] => 7
    [is_3ds] => 
    [language] => uk
    [create_date] => 1748948509395
    [end_date] => 1748948509486
    [transaction_id] => 2655429692
)
03-06-2025 11:03:30
 Status: success03-06-2025 11:03:30
success03-06-2025 11:03:30
 order_id: 525103-06-2025 11:03:30
 order_id: stdClass Object
(
    [payment_id] => 2655429692
    [action] => pay
    [status] => success
    [version] => 3
    [type] => buy
    [paytype] => card
    [public_key] => sandbox_i55978728567
    [acq_id] => 414963
    [order_id] => 5251
    [liqpay_order_id] => U0FYVXE91748948509392608
    [description] => Payment for order № 5251
    [sender_first_name] => Test
    [sender_last_name] => Test
    [sender_card_mask2] => 424242*42
    [sender_card_bank] => Test
    [sender_card_type] => visa
    [sender_card_country] => 804
    [ip] => 178.151.152.228
    [amount] => 24
    [currency] => UAH
    [sender_commission] => 0
    [receiver_commission] => 0.36
    [agent_commission] => 0
    [amount_debit] => 24
    [amount_credit] => 24
    [commission_debit] => 0
    [commission_credit] => 0.36
    [currency_debit] => UAH
    [currency_credit] => UAH
    [sender_bonus] => 0
    [amount_bonus] => 0
    [mpi_eci] => 7
    [is_3ds] => 
    [language] => uk
    [create_date] => 1748948509395
    [end_date] => 1748948509486
    [transaction_id] => 2655429692
)
03-06-2025 11:03:30
 order_id: IEi5s2ru9BgZQVjYt/glukAempA=03-06-2025 11:03:30
 Status: success03-06-2025 11:03:30
success03-06-2025 11:03:30
 order_id: 525103-06-2025 11:03:30
 order_id: stdClass Object
(
    [payment_id] => 2655429692
    [action] => pay
    [status] => success
    [version] => 3
    [type] => buy
    [paytype] => card
    [public_key] => sandbox_i55978728567
    [acq_id] => 414963
    [order_id] => 5251
    [liqpay_order_id] => U0FYVXE91748948509392608
    [description] => Payment for order № 5251
    [sender_first_name] => Test
    [sender_last_name] => Test
    [sender_card_mask2] => 424242*42
    [sender_card_bank] => Test
    [sender_card_type] => visa
    [sender_card_country] => 804
    [ip] => 178.151.152.228
    [amount] => 24
    [currency] => UAH
    [sender_commission] => 0
    [receiver_commission] => 0.36
    [agent_commission] => 0
    [amount_debit] => 24
    [amount_credit] => 24
    [commission_debit] => 0
    [commission_credit] => 0.36
    [currency_debit] => UAH
    [currency_credit] => UAH
    [sender_bonus] => 0
    [amount_bonus] => 0
    [mpi_eci] => 7
    [is_3ds] => 
    [language] => uk
    [create_date] => 1748948509395
    [end_date] => 1748948509486
    [transaction_id] => 2655429692
)
03-06-2025 11:03:30
 Status: success03-06-2025 11:03:30
success03-06-2025 11:03:30
 order_id: 525103-06-2025 11:03:30
 order_id: stdClass Object
(
    [payment_id] => 2655429692
    [action] => pay
    [status] => success
    [version] => 3
    [type] => buy
    [paytype] => card
    [public_key] => sandbox_i55978728567
    [acq_id] => 414963
    [order_id] => 5251
    [liqpay_order_id] => U0FYVXE91748948509392608
    [description] => Payment for order № 5251
    [sender_first_name] => Test
    [sender_last_name] => Test
    [sender_card_mask2] => 424242*42
    [sender_card_bank] => Test
    [sender_card_type] => visa
    [sender_card_country] => 804
    [ip] => 178.151.152.228
    [amount] => 24
    [currency] => UAH
    [sender_commission] => 0
    [receiver_commission] => 0.36
    [agent_commission] => 0
    [amount_debit] => 24
    [amount_credit] => 24
    [commission_debit] => 0
    [commission_credit] => 0.36
    [currency_debit] => UAH
    [currency_credit] => UAH
    [sender_bonus] => 0
    [amount_bonus] => 0
    [mpi_eci] => 7
    [is_3ds] => 
    [language] => uk
    [create_date] => 1748948509395
    [end_date] => 1748948509486
    [transaction_id] => 2655429692
)
03-06-2025 11:03:30
 order_id: IEi5s2ru9BgZQVjYt/glukAempA=03-06-2025 11:03:30
 Status: success03-06-2025 11:03:30
success03-06-2025 11:03:30
 order_id: 525103-06-2025 11:03:30
 order_id: stdClass Object
(
    [payment_id] => 2655429692
    [action] => pay
    [status] => success
    [version] => 3
    [type] => buy
    [paytype] => card
    [public_key] => sandbox_i55978728567
    [acq_id] => 414963
    [order_id] => 5251
    [liqpay_order_id] => U0FYVXE91748948509392608
    [description] => Payment for order № 5251
    [sender_first_name] => Test
    [sender_last_name] => Test
    [sender_card_mask2] => 424242*42
    [sender_card_bank] => Test
    [sender_card_type] => visa
    [sender_card_country] => 804
    [ip] => 178.151.152.228
    [amount] => 24
    [currency] => UAH
    [sender_commission] => 0
    [receiver_commission] => 0.36
    [agent_commission] => 0
    [amount_debit] => 24
    [amount_credit] => 24
    [commission_debit] => 0
    [commission_credit] => 0.36
    [currency_debit] => UAH
    [currency_credit] => UAH
    [sender_bonus] => 0
    [amount_bonus] => 0
    [mpi_eci] => 7
    [is_3ds] => 
    [language] => uk
    [create_date] => 1748948509395
    [end_date] => 1748948509486
    [transaction_id] => 2655429692
)
03-06-2025 11:08:57
 Status: success03-06-2025 11:08:57
success03-06-2025 11:08:57
 order_id: 525203-06-2025 11:08:57
 order_id: stdClass Object
(
    [payment_id] => 2655434580
    [action] => pay
    [status] => success
    [version] => 3
    [type] => buy
    [paytype] => card
    [public_key] => sandbox_i55978728567
    [acq_id] => 414963
    [order_id] => 5252
    [liqpay_order_id] => CQHGY2KU1748948937240826
    [description] => Передоплата замовлення № 5252
    [sender_first_name] => Nat
    [sender_last_name] => AU
    [sender_card_mask2] => 424242*42
    [sender_card_bank] => Test
    [sender_card_type] => visa
    [sender_card_country] => 804
    [ip] => 178.151.152.228
    [amount] => 200
    [currency] => UAH
    [sender_commission] => 0
    [receiver_commission] => 3
    [agent_commission] => 0
    [amount_debit] => 200
    [amount_credit] => 200
    [commission_debit] => 0
    [commission_credit] => 3
    [currency_debit] => UAH
    [currency_credit] => UAH
    [sender_bonus] => 0
    [amount_bonus] => 0
    [mpi_eci] => 7
    [is_3ds] => 
    [language] => uk
    [create_date] => 1748948937243
    [end_date] => 1748948937374
    [transaction_id] => 2655434580
)
03-06-2025 11:08:57
 order_id: g2AoUCA3t5NjDuDlYK2ShXk3K6Q=03-06-2025 11:08:57
 Status: success03-06-2025 11:08:57
success03-06-2025 11:08:57
 order_id: 525203-06-2025 11:08:57
 order_id: stdClass Object
(
    [payment_id] => 2655434580
    [action] => pay
    [status] => success
    [version] => 3
    [type] => buy
    [paytype] => card
    [public_key] => sandbox_i55978728567
    [acq_id] => 414963
    [order_id] => 5252
    [liqpay_order_id] => CQHGY2KU1748948937240826
    [description] => Передоплата замовлення № 5252
    [sender_first_name] => Nat
    [sender_last_name] => AU
    [sender_card_mask2] => 424242*42
    [sender_card_bank] => Test
    [sender_card_type] => visa
    [sender_card_country] => 804
    [ip] => 178.151.152.228
    [amount] => 200
    [currency] => UAH
    [sender_commission] => 0
    [receiver_commission] => 3
    [agent_commission] => 0
    [amount_debit] => 200
    [amount_credit] => 200
    [commission_debit] => 0
    [commission_credit] => 3
    [currency_debit] => UAH
    [currency_credit] => UAH
    [sender_bonus] => 0
    [amount_bonus] => 0
    [mpi_eci] => 7
    [is_3ds] => 
    [language] => uk
    [create_date] => 1748948937243
    [end_date] => 1748948937374
    [transaction_id] => 2655434580
)
03-06-2025 11:08:57
testestestetse03-06-2025 11:08:57
20003-06-2025 11:08:57
testestestetse03-06-2025 11:09:58
 Status: success03-06-2025 11:09:58
success03-06-2025 11:09:58
 order_id: 525203-06-2025 11:09:58
 order_id: stdClass Object
(
    [payment_id] => 2655434580
    [action] => pay
    [status] => success
    [version] => 3
    [type] => buy
    [paytype] => card
    [public_key] => sandbox_i55978728567
    [acq_id] => 414963
    [order_id] => 5252
    [liqpay_order_id] => CQHGY2KU1748948937240826
    [description] => Передоплата замовлення № 5252
    [sender_first_name] => Nat
    [sender_last_name] => AU
    [sender_card_mask2] => 424242*42
    [sender_card_bank] => Test
    [sender_card_type] => visa
    [sender_card_country] => 804
    [ip] => 178.151.152.228
    [amount] => 200
    [currency] => UAH
    [sender_commission] => 0
    [receiver_commission] => 3
    [agent_commission] => 0
    [amount_debit] => 200
    [amount_credit] => 200
    [commission_debit] => 0
    [commission_credit] => 3
    [currency_debit] => UAH
    [currency_credit] => UAH
    [sender_bonus] => 0
    [amount_bonus] => 0
    [mpi_eci] => 7
    [is_3ds] => 
    [language] => uk
    [create_date] => 1748948937243
    [end_date] => 1748948937374
    [transaction_id] => 2655434580
)
03-06-2025 11:09:58
 order_id: g2AoUCA3t5NjDuDlYK2ShXk3K6Q=03-06-2025 11:09:58
 Status: success03-06-2025 11:09:58
success03-06-2025 11:09:58
 order_id: 525203-06-2025 11:09:58
 order_id: stdClass Object
(
    [payment_id] => 2655434580
    [action] => pay
    [status] => success
    [version] => 3
    [type] => buy
    [paytype] => card
    [public_key] => sandbox_i55978728567
    [acq_id] => 414963
    [order_id] => 5252
    [liqpay_order_id] => CQHGY2KU1748948937240826
    [description] => Передоплата замовлення № 5252
    [sender_first_name] => Nat
    [sender_last_name] => AU
    [sender_card_mask2] => 424242*42
    [sender_card_bank] => Test
    [sender_card_type] => visa
    [sender_card_country] => 804
    [ip] => 178.151.152.228
    [amount] => 200
    [currency] => UAH
    [sender_commission] => 0
    [receiver_commission] => 3
    [agent_commission] => 0
    [amount_debit] => 200
    [amount_credit] => 200
    [commission_debit] => 0
    [commission_credit] => 3
    [currency_debit] => UAH
    [currency_credit] => UAH
    [sender_bonus] => 0
    [amount_bonus] => 0
    [mpi_eci] => 7
    [is_3ds] => 
    [language] => uk
    [create_date] => 1748948937243
    [end_date] => 1748948937374
    [transaction_id] => 2655434580
)
03-06-2025 11:10:40
 Status: success03-06-2025 11:10:40
success03-06-2025 11:10:40
 order_id: 525203-06-2025 11:10:40
 order_id: stdClass Object
(
    [payment_id] => 2655434580
    [action] => pay
    [status] => success
    [version] => 3
    [type] => buy
    [paytype] => card
    [public_key] => sandbox_i55978728567
    [acq_id] => 414963
    [order_id] => 5252
    [liqpay_order_id] => CQHGY2KU1748948937240826
    [description] => Передоплата замовлення № 5252
    [sender_first_name] => Nat
    [sender_last_name] => AU
    [sender_card_mask2] => 424242*42
    [sender_card_bank] => Test
    [sender_card_type] => visa
    [sender_card_country] => 804
    [ip] => 178.151.152.228
    [amount] => 200
    [currency] => UAH
    [sender_commission] => 0
    [receiver_commission] => 3
    [agent_commission] => 0
    [amount_debit] => 200
    [amount_credit] => 200
    [commission_debit] => 0
    [commission_credit] => 3
    [currency_debit] => UAH
    [currency_credit] => UAH
    [sender_bonus] => 0
    [amount_bonus] => 0
    [mpi_eci] => 7
    [is_3ds] => 
    [language] => uk
    [create_date] => 1748948937243
    [end_date] => 1748948937374
    [transaction_id] => 2655434580
)
03-06-2025 11:10:40
 order_id: g2AoUCA3t5NjDuDlYK2ShXk3K6Q=03-06-2025 11:10:40
 Status: success03-06-2025 11:10:40
success03-06-2025 11:10:40
 order_id: 525203-06-2025 11:10:40
 order_id: stdClass Object
(
    [payment_id] => 2655434580
    [action] => pay
    [status] => success
    [version] => 3
    [type] => buy
    [paytype] => card
    [public_key] => sandbox_i55978728567
    [acq_id] => 414963
    [order_id] => 5252
    [liqpay_order_id] => CQHGY2KU1748948937240826
    [description] => Передоплата замовлення № 5252
    [sender_first_name] => Nat
    [sender_last_name] => AU
    [sender_card_mask2] => 424242*42
    [sender_card_bank] => Test
    [sender_card_type] => visa
    [sender_card_country] => 804
    [ip] => 178.151.152.228
    [amount] => 200
    [currency] => UAH
    [sender_commission] => 0
    [receiver_commission] => 3
    [agent_commission] => 0
    [amount_debit] => 200
    [amount_credit] => 200
    [commission_debit] => 0
    [commission_credit] => 3
    [currency_debit] => UAH
    [currency_credit] => UAH
    [sender_bonus] => 0
    [amount_bonus] => 0
    [mpi_eci] => 7
    [is_3ds] => 
    [language] => uk
    [create_date] => 1748948937243
    [end_date] => 1748948937374
    [transaction_id] => 2655434580
)
03-06-2025 11:10:40
 Status: success03-06-2025 11:10:40
success03-06-2025 11:10:40
 order_id: 525203-06-2025 11:10:40
 order_id: stdClass Object
(
    [payment_id] => 2655434580
    [action] => pay
    [status] => success
    [version] => 3
    [type] => buy
    [paytype] => card
    [public_key] => sandbox_i55978728567
    [acq_id] => 414963
    [order_id] => 5252
    [liqpay_order_id] => CQHGY2KU1748948937240826
    [description] => Передоплата замовлення № 5252
    [sender_first_name] => Nat
    [sender_last_name] => AU
    [sender_card_mask2] => 424242*42
    [sender_card_bank] => Test
    [sender_card_type] => visa
    [sender_card_country] => 804
    [ip] => 178.151.152.228
    [amount] => 200
    [currency] => UAH
    [sender_commission] => 0
    [receiver_commission] => 3
    [agent_commission] => 0
    [amount_debit] => 200
    [amount_credit] => 200
    [commission_debit] => 0
    [commission_credit] => 3
    [currency_debit] => UAH
    [currency_credit] => UAH
    [sender_bonus] => 0
    [amount_bonus] => 0
    [mpi_eci] => 7
    [is_3ds] => 
    [language] => uk
    [create_date] => 1748948937243
    [end_date] => 1748948937374
    [transaction_id] => 2655434580
)
03-06-2025 11:10:40
 order_id: g2AoUCA3t5NjDuDlYK2ShXk3K6Q=03-06-2025 11:10:40
 Status: success03-06-2025 11:10:40
success03-06-2025 11:10:40
 order_id: 525203-06-2025 11:10:40
 order_id: stdClass Object
(
    [payment_id] => 2655434580
    [action] => pay
    [status] => success
    [version] => 3
    [type] => buy
    [paytype] => card
    [public_key] => sandbox_i55978728567
    [acq_id] => 414963
    [order_id] => 5252
    [liqpay_order_id] => CQHGY2KU1748948937240826
    [description] => Передоплата замовлення № 5252
    [sender_first_name] => Nat
    [sender_last_name] => AU
    [sender_card_mask2] => 424242*42
    [sender_card_bank] => Test
    [sender_card_type] => visa
    [sender_card_country] => 804
    [ip] => 178.151.152.228
    [amount] => 200
    [currency] => UAH
    [sender_commission] => 0
    [receiver_commission] => 3
    [agent_commission] => 0
    [amount_debit] => 200
    [amount_credit] => 200
    [commission_debit] => 0
    [commission_credit] => 3
    [currency_debit] => UAH
    [currency_credit] => UAH
    [sender_bonus] => 0
    [amount_bonus] => 0
    [mpi_eci] => 7
    [is_3ds] => 
    [language] => uk
    [create_date] => 1748948937243
    [end_date] => 1748948937374
    [transaction_id] => 2655434580
)
03-06-2025 11:32:17
 Status: success03-06-2025 11:32:17
success03-06-2025 11:32:17
 order_id: 525303-06-2025 11:32:17
 parsed_data: stdClass Object
(
    [payment_id] => 2655448631
    [action] => pay
    [status] => success
    [version] => 3
    [type] => buy
    [paytype] => card
    [public_key] => sandbox_i55978728567
    [acq_id] => 414963
    [order_id] => 5253
    [liqpay_order_id] => XWQU03351748950336192376
    [description] => Передоплата замовлення № 5253
    [sender_first_name] => TES
    [sender_last_name] => TEST
    [sender_card_mask2] => 424242*42
    [sender_card_bank] => Test
    [sender_card_type] => visa
    [sender_card_country] => 804
    [ip] => 178.151.152.228
    [amount] => 200
    [currency] => UAH
    [sender_commission] => 0
    [receiver_commission] => 3
    [agent_commission] => 0
    [amount_debit] => 200
    [amount_credit] => 200
    [commission_debit] => 0
    [commission_credit] => 3
    [currency_debit] => UAH
    [currency_credit] => UAH
    [sender_bonus] => 0
    [amount_bonus] => 0
    [mpi_eci] => 7
    [is_3ds] => 
    [language] => uk
    [create_date] => 1748950336193
    [end_date] => 1748950336294
    [transaction_id] => 2655448631
)
03-06-2025 11:32:17
 received_signature: kiXm7+NtuPMLjaUep5Ia57rQyNY=03-06-2025 11:32:17
 Status: success03-06-2025 11:32:17
success03-06-2025 11:32:17
 order_id: 525303-06-2025 11:32:17
 order_id: stdClass Object
(
    [payment_id] => 2655448631
    [action] => pay
    [status] => success
    [version] => 3
    [type] => buy
    [paytype] => card
    [public_key] => sandbox_i55978728567
    [acq_id] => 414963
    [order_id] => 5253
    [liqpay_order_id] => XWQU03351748950336192376
    [description] => Передоплата замовлення № 5253
    [sender_first_name] => TES
    [sender_last_name] => TEST
    [sender_card_mask2] => 424242*42
    [sender_card_bank] => Test
    [sender_card_type] => visa
    [sender_card_country] => 804
    [ip] => 178.151.152.228
    [amount] => 200
    [currency] => UAH
    [sender_commission] => 0
    [receiver_commission] => 3
    [agent_commission] => 0
    [amount_debit] => 200
    [amount_credit] => 200
    [commission_debit] => 0
    [commission_credit] => 3
    [currency_debit] => UAH
    [currency_credit] => UAH
    [sender_bonus] => 0
    [amount_bonus] => 0
    [mpi_eci] => 7
    [is_3ds] => 
    [language] => uk
    [create_date] => 1748950336193
    [end_date] => 1748950336294
    [transaction_id] => 2655448631
)
03-06-2025 11:32:17
testestestetse03-06-2025 11:32:17
20003-06-2025 11:32:17
testestestetse03-06-2025 11:33:17
 Status: success03-06-2025 11:33:17
success03-06-2025 11:33:17
 order_id: 525303-06-2025 11:33:17
 parsed_data: stdClass Object
(
    [payment_id] => 2655448631
    [action] => pay
    [status] => success
    [version] => 3
    [type] => buy
    [paytype] => card
    [public_key] => sandbox_i55978728567
    [acq_id] => 414963
    [order_id] => 5253
    [liqpay_order_id] => XWQU03351748950336192376
    [description] => Передоплата замовлення № 5253
    [sender_first_name] => TES
    [sender_last_name] => TEST
    [sender_card_mask2] => 424242*42
    [sender_card_bank] => Test
    [sender_card_type] => visa
    [sender_card_country] => 804
    [ip] => 178.151.152.228
    [amount] => 200
    [currency] => UAH
    [sender_commission] => 0
    [receiver_commission] => 3
    [agent_commission] => 0
    [amount_debit] => 200
    [amount_credit] => 200
    [commission_debit] => 0
    [commission_credit] => 3
    [currency_debit] => UAH
    [currency_credit] => UAH
    [sender_bonus] => 0
    [amount_bonus] => 0
    [mpi_eci] => 7
    [is_3ds] => 
    [language] => uk
    [create_date] => 1748950336193
    [end_date] => 1748950336294
    [transaction_id] => 2655448631
)
03-06-2025 11:33:17
 received_signature: kiXm7+NtuPMLjaUep5Ia57rQyNY=03-06-2025 11:33:17
 Status: success03-06-2025 11:33:17
success03-06-2025 11:33:17
 order_id: 525303-06-2025 11:33:17
 order_id: stdClass Object
(
    [payment_id] => 2655448631
    [action] => pay
    [status] => success
    [version] => 3
    [type] => buy
    [paytype] => card
    [public_key] => sandbox_i55978728567
    [acq_id] => 414963
    [order_id] => 5253
    [liqpay_order_id] => XWQU03351748950336192376
    [description] => Передоплата замовлення № 5253
    [sender_first_name] => TES
    [sender_last_name] => TEST
    [sender_card_mask2] => 424242*42
    [sender_card_bank] => Test
    [sender_card_type] => visa
    [sender_card_country] => 804
    [ip] => 178.151.152.228
    [amount] => 200
    [currency] => UAH
    [sender_commission] => 0
    [receiver_commission] => 3
    [agent_commission] => 0
    [amount_debit] => 200
    [amount_credit] => 200
    [commission_debit] => 0
    [commission_credit] => 3
    [currency_debit] => UAH
    [currency_credit] => UAH
    [sender_bonus] => 0
    [amount_bonus] => 0
    [mpi_eci] => 7
    [is_3ds] => 
    [language] => uk
    [create_date] => 1748950336193
    [end_date] => 1748950336294
    [transaction_id] => 2655448631
)
03-06-2025 11:33:56
 Status: success03-06-2025 11:33:56
success03-06-2025 11:33:56
 order_id: 525303-06-2025 11:33:56
 parsed_data: stdClass Object
(
    [payment_id] => 2655448631
    [action] => pay
    [status] => success
    [version] => 3
    [type] => buy
    [paytype] => card
    [public_key] => sandbox_i55978728567
    [acq_id] => 414963
    [order_id] => 5253
    [liqpay_order_id] => XWQU03351748950336192376
    [description] => Передоплата замовлення № 5253
    [sender_first_name] => TES
    [sender_last_name] => TEST
    [sender_card_mask2] => 424242*42
    [sender_card_bank] => Test
    [sender_card_type] => visa
    [sender_card_country] => 804
    [ip] => 178.151.152.228
    [amount] => 200
    [currency] => UAH
    [sender_commission] => 0
    [receiver_commission] => 3
    [agent_commission] => 0
    [amount_debit] => 200
    [amount_credit] => 200
    [commission_debit] => 0
    [commission_credit] => 3
    [currency_debit] => UAH
    [currency_credit] => UAH
    [sender_bonus] => 0
    [amount_bonus] => 0
    [mpi_eci] => 7
    [is_3ds] => 
    [language] => uk
    [create_date] => 1748950336193
    [end_date] => 1748950336294
    [transaction_id] => 2655448631
)
03-06-2025 11:33:56
 received_signature: kiXm7+NtuPMLjaUep5Ia57rQyNY=03-06-2025 11:33:56
 Status: success03-06-2025 11:33:56
success03-06-2025 11:33:56
 order_id: 525303-06-2025 11:33:56
 order_id: stdClass Object
(
    [payment_id] => 2655448631
    [action] => pay
    [status] => success
    [version] => 3
    [type] => buy
    [paytype] => card
    [public_key] => sandbox_i55978728567
    [acq_id] => 414963
    [order_id] => 5253
    [liqpay_order_id] => XWQU03351748950336192376
    [description] => Передоплата замовлення № 5253
    [sender_first_name] => TES
    [sender_last_name] => TEST
    [sender_card_mask2] => 424242*42
    [sender_card_bank] => Test
    [sender_card_type] => visa
    [sender_card_country] => 804
    [ip] => 178.151.152.228
    [amount] => 200
    [currency] => UAH
    [sender_commission] => 0
    [receiver_commission] => 3
    [agent_commission] => 0
    [amount_debit] => 200
    [amount_credit] => 200
    [commission_debit] => 0
    [commission_credit] => 3
    [currency_debit] => UAH
    [currency_credit] => UAH
    [sender_bonus] => 0
    [amount_bonus] => 0
    [mpi_eci] => 7
    [is_3ds] => 
    [language] => uk
    [create_date] => 1748950336193
    [end_date] => 1748950336294
    [transaction_id] => 2655448631
)
03-06-2025 11:33:56
 Status: success03-06-2025 11:33:56
success03-06-2025 11:33:56
 order_id: 525303-06-2025 11:33:56
 parsed_data: stdClass Object
(
    [payment_id] => 2655448631
    [action] => pay
    [status] => success
    [version] => 3
    [type] => buy
    [paytype] => card
    [public_key] => sandbox_i55978728567
    [acq_id] => 414963
    [order_id] => 5253
    [liqpay_order_id] => XWQU03351748950336192376
    [description] => Передоплата замовлення № 5253
    [sender_first_name] => TES
    [sender_last_name] => TEST
    [sender_card_mask2] => 424242*42
    [sender_card_bank] => Test
    [sender_card_type] => visa
    [sender_card_country] => 804
    [ip] => 178.151.152.228
    [amount] => 200
    [currency] => UAH
    [sender_commission] => 0
    [receiver_commission] => 3
    [agent_commission] => 0
    [amount_debit] => 200
    [amount_credit] => 200
    [commission_debit] => 0
    [commission_credit] => 3
    [currency_debit] => UAH
    [currency_credit] => UAH
    [sender_bonus] => 0
    [amount_bonus] => 0
    [mpi_eci] => 7
    [is_3ds] => 
    [language] => uk
    [create_date] => 1748950336193
    [end_date] => 1748950336294
    [transaction_id] => 2655448631
)
03-06-2025 11:33:56
 received_signature: kiXm7+NtuPMLjaUep5Ia57rQyNY=03-06-2025 11:33:56
 Status: success03-06-2025 11:33:56
success03-06-2025 11:33:56
 order_id: 525303-06-2025 11:33:56
 order_id: stdClass Object
(
    [payment_id] => 2655448631
    [action] => pay
    [status] => success
    [version] => 3
    [type] => buy
    [paytype] => card
    [public_key] => sandbox_i55978728567
    [acq_id] => 414963
    [order_id] => 5253
    [liqpay_order_id] => XWQU03351748950336192376
    [description] => Передоплата замовлення № 5253
    [sender_first_name] => TES
    [sender_last_name] => TEST
    [sender_card_mask2] => 424242*42
    [sender_card_bank] => Test
    [sender_card_type] => visa
    [sender_card_country] => 804
    [ip] => 178.151.152.228
    [amount] => 200
    [currency] => UAH
    [sender_commission] => 0
    [receiver_commission] => 3
    [agent_commission] => 0
    [amount_debit] => 200
    [amount_credit] => 200
    [commission_debit] => 0
    [commission_credit] => 3
    [currency_debit] => UAH
    [currency_credit] => UAH
    [sender_bonus] => 0
    [amount_bonus] => 0
    [mpi_eci] => 7
    [is_3ds] => 
    [language] => uk
    [create_date] => 1748950336193
    [end_date] => 1748950336294
    [transaction_id] => 2655448631
)
03-06-2025 12:00:09
 Status: success03-06-2025 12:00:09
success03-06-2025 12:00:09
 order_id: 525403-06-2025 12:00:09
 parsed_data: stdClass Object
(
    [payment_id] => 2655462648
    [action] => pay
    [status] => success
    [version] => 3
    [type] => buy
    [paytype] => card
    [public_key] => sandbox_i55978728567
    [acq_id] => 414963
    [order_id] => 5254
    [liqpay_order_id] => R14HX3QU1748952008943695
    [description] => Payment for order № 5254
    [sender_first_name] => Квмч
    [sender_last_name] => ыава
    [sender_card_mask2] => 424242*42
    [sender_card_bank] => Test
    [sender_card_type] => visa
    [sender_card_country] => 804
    [ip] => 178.151.152.228
    [amount] => 288
    [currency] => UAH
    [sender_commission] => 0
    [receiver_commission] => 4.32
    [agent_commission] => 0
    [amount_debit] => 288
    [amount_credit] => 288
    [commission_debit] => 0
    [commission_credit] => 4.32
    [currency_debit] => UAH
    [currency_credit] => UAH
    [sender_bonus] => 0
    [amount_bonus] => 0
    [mpi_eci] => 7
    [is_3ds] => 
    [language] => uk
    [create_date] => 1748952008947
    [end_date] => 1748952009143
    [transaction_id] => 2655462648
)
03-06-2025 12:00:09
 received_signature: lLLRojiEk0NmQ65CgGAG41U0qAM=03-06-2025 12:00:09
 Status: success03-06-2025 12:00:09
success03-06-2025 12:00:09
 order_id: 525403-06-2025 12:00:09
 order_id: stdClass Object
(
    [payment_id] => 2655462648
    [action] => pay
    [status] => success
    [version] => 3
    [type] => buy
    [paytype] => card
    [public_key] => sandbox_i55978728567
    [acq_id] => 414963
    [order_id] => 5254
    [liqpay_order_id] => R14HX3QU1748952008943695
    [description] => Payment for order № 5254
    [sender_first_name] => Квмч
    [sender_last_name] => ыава
    [sender_card_mask2] => 424242*42
    [sender_card_bank] => Test
    [sender_card_type] => visa
    [sender_card_country] => 804
    [ip] => 178.151.152.228
    [amount] => 288
    [currency] => UAH
    [sender_commission] => 0
    [receiver_commission] => 4.32
    [agent_commission] => 0
    [amount_debit] => 288
    [amount_credit] => 288
    [commission_debit] => 0
    [commission_credit] => 4.32
    [currency_debit] => UAH
    [currency_credit] => UAH
    [sender_bonus] => 0
    [amount_bonus] => 0
    [mpi_eci] => 7
    [is_3ds] => 
    [language] => uk
    [create_date] => 1748952008947
    [end_date] => 1748952009143
    [transaction_id] => 2655462648
)
03-06-2025 12:00:09
testestestetse03-06-2025 12:00:09
28803-06-2025 12:00:09
testestestetse03-06-2025 12:01:09
 Status: success03-06-2025 12:01:09
success03-06-2025 12:01:09
 order_id: 525403-06-2025 12:01:09
 parsed_data: stdClass Object
(
    [payment_id] => 2655462648
    [action] => pay
    [status] => success
    [version] => 3
    [type] => buy
    [paytype] => card
    [public_key] => sandbox_i55978728567
    [acq_id] => 414963
    [order_id] => 5254
    [liqpay_order_id] => R14HX3QU1748952008943695
    [description] => Payment for order № 5254
    [sender_first_name] => Квмч
    [sender_last_name] => ыава
    [sender_card_mask2] => 424242*42
    [sender_card_bank] => Test
    [sender_card_type] => visa
    [sender_card_country] => 804
    [ip] => 178.151.152.228
    [amount] => 288
    [currency] => UAH
    [sender_commission] => 0
    [receiver_commission] => 4.32
    [agent_commission] => 0
    [amount_debit] => 288
    [amount_credit] => 288
    [commission_debit] => 0
    [commission_credit] => 4.32
    [currency_debit] => UAH
    [currency_credit] => UAH
    [sender_bonus] => 0
    [amount_bonus] => 0
    [mpi_eci] => 7
    [is_3ds] => 
    [language] => uk
    [create_date] => 1748952008947
    [end_date] => 1748952009143
    [transaction_id] => 2655462648
)
03-06-2025 12:01:09
 received_signature: lLLRojiEk0NmQ65CgGAG41U0qAM=03-06-2025 12:01:09
 Status: success03-06-2025 12:01:09
success03-06-2025 12:01:09
 order_id: 525403-06-2025 12:01:09
 order_id: stdClass Object
(
    [payment_id] => 2655462648
    [action] => pay
    [status] => success
    [version] => 3
    [type] => buy
    [paytype] => card
    [public_key] => sandbox_i55978728567
    [acq_id] => 414963
    [order_id] => 5254
    [liqpay_order_id] => R14HX3QU1748952008943695
    [description] => Payment for order № 5254
    [sender_first_name] => Квмч
    [sender_last_name] => ыава
    [sender_card_mask2] => 424242*42
    [sender_card_bank] => Test
    [sender_card_type] => visa
    [sender_card_country] => 804
    [ip] => 178.151.152.228
    [amount] => 288
    [currency] => UAH
    [sender_commission] => 0
    [receiver_commission] => 4.32
    [agent_commission] => 0
    [amount_debit] => 288
    [amount_credit] => 288
    [commission_debit] => 0
    [commission_credit] => 4.32
    [currency_debit] => UAH
    [currency_credit] => UAH
    [sender_bonus] => 0
    [amount_bonus] => 0
    [mpi_eci] => 7
    [is_3ds] => 
    [language] => uk
    [create_date] => 1748952008947
    [end_date] => 1748952009143
    [transaction_id] => 2655462648
)
03-06-2025 12:01:49
 Status: success03-06-2025 12:01:49
success03-06-2025 12:01:49
 order_id: 525403-06-2025 12:01:49
 parsed_data: stdClass Object
(
    [payment_id] => 2655462648
    [action] => pay
    [status] => success
    [version] => 3
    [type] => buy
    [paytype] => card
    [public_key] => sandbox_i55978728567
    [acq_id] => 414963
    [order_id] => 5254
    [liqpay_order_id] => R14HX3QU1748952008943695
    [description] => Payment for order № 5254
    [sender_first_name] => Квмч
    [sender_last_name] => ыава
    [sender_card_mask2] => 424242*42
    [sender_card_bank] => Test
    [sender_card_type] => visa
    [sender_card_country] => 804
    [ip] => 178.151.152.228
    [amount] => 288
    [currency] => UAH
    [sender_commission] => 0
    [receiver_commission] => 4.32
    [agent_commission] => 0
    [amount_debit] => 288
    [amount_credit] => 288
    [commission_debit] => 0
    [commission_credit] => 4.32
    [currency_debit] => UAH
    [currency_credit] => UAH
    [sender_bonus] => 0
    [amount_bonus] => 0
    [mpi_eci] => 7
    [is_3ds] => 
    [language] => uk
    [create_date] => 1748952008947
    [end_date] => 1748952009143
    [transaction_id] => 2655462648
)
03-06-2025 12:01:49
 received_signature: lLLRojiEk0NmQ65CgGAG41U0qAM=03-06-2025 12:01:49
 Status: success03-06-2025 12:01:49
success03-06-2025 12:01:49
 order_id: 525403-06-2025 12:01:49
 order_id: stdClass Object
(
    [payment_id] => 2655462648
    [action] => pay
    [status] => success
    [version] => 3
    [type] => buy
    [paytype] => card
    [public_key] => sandbox_i55978728567
    [acq_id] => 414963
    [order_id] => 5254
    [liqpay_order_id] => R14HX3QU1748952008943695
    [description] => Payment for order № 5254
    [sender_first_name] => Квмч
    [sender_last_name] => ыава
    [sender_card_mask2] => 424242*42
    [sender_card_bank] => Test
    [sender_card_type] => visa
    [sender_card_country] => 804
    [ip] => 178.151.152.228
    [amount] => 288
    [currency] => UAH
    [sender_commission] => 0
    [receiver_commission] => 4.32
    [agent_commission] => 0
    [amount_debit] => 288
    [amount_credit] => 288
    [commission_debit] => 0
    [commission_credit] => 4.32
    [currency_debit] => UAH
    [currency_credit] => UAH
    [sender_bonus] => 0
    [amount_bonus] => 0
    [mpi_eci] => 7
    [is_3ds] => 
    [language] => uk
    [create_date] => 1748952008947
    [end_date] => 1748952009143
    [transaction_id] => 2655462648
)
03-06-2025 12:01:49
 Status: success03-06-2025 12:01:49
success03-06-2025 12:01:49
 order_id: 525403-06-2025 12:01:49
 parsed_data: stdClass Object
(
    [payment_id] => 2655462648
    [action] => pay
    [status] => success
    [version] => 3
    [type] => buy
    [paytype] => card
    [public_key] => sandbox_i55978728567
    [acq_id] => 414963
    [order_id] => 5254
    [liqpay_order_id] => R14HX3QU1748952008943695
    [description] => Payment for order № 5254
    [sender_first_name] => Квмч
    [sender_last_name] => ыава
    [sender_card_mask2] => 424242*42
    [sender_card_bank] => Test
    [sender_card_type] => visa
    [sender_card_country] => 804
    [ip] => 178.151.152.228
    [amount] => 288
    [currency] => UAH
    [sender_commission] => 0
    [receiver_commission] => 4.32
    [agent_commission] => 0
    [amount_debit] => 288
    [amount_credit] => 288
    [commission_debit] => 0
    [commission_credit] => 4.32
    [currency_debit] => UAH
    [currency_credit] => UAH
    [sender_bonus] => 0
    [amount_bonus] => 0
    [mpi_eci] => 7
    [is_3ds] => 
    [language] => uk
    [create_date] => 1748952008947
    [end_date] => 1748952009143
    [transaction_id] => 2655462648
)
03-06-2025 12:01:49
 received_signature: lLLRojiEk0NmQ65CgGAG41U0qAM=03-06-2025 12:01:49
 Status: success03-06-2025 12:01:49
success03-06-2025 12:01:49
 order_id: 525403-06-2025 12:01:49
 order_id: stdClass Object
(
    [payment_id] => 2655462648
    [action] => pay
    [status] => success
    [version] => 3
    [type] => buy
    [paytype] => card
    [public_key] => sandbox_i55978728567
    [acq_id] => 414963
    [order_id] => 5254
    [liqpay_order_id] => R14HX3QU1748952008943695
    [description] => Payment for order № 5254
    [sender_first_name] => Квмч
    [sender_last_name] => ыава
    [sender_card_mask2] => 424242*42
    [sender_card_bank] => Test
    [sender_card_type] => visa
    [sender_card_country] => 804
    [ip] => 178.151.152.228
    [amount] => 288
    [currency] => UAH
    [sender_commission] => 0
    [receiver_commission] => 4.32
    [agent_commission] => 0
    [amount_debit] => 288
    [amount_credit] => 288
    [commission_debit] => 0
    [commission_credit] => 4.32
    [currency_debit] => UAH
    [currency_credit] => UAH
    [sender_bonus] => 0
    [amount_bonus] => 0
    [mpi_eci] => 7
    [is_3ds] => 
    [language] => uk
    [create_date] => 1748952008947
    [end_date] => 1748952009143
    [transaction_id] => 2655462648
)
03-06-2025 12:07:47
 Status: success03-06-2025 12:07:47
success03-06-2025 12:07:47
 order_id: 525503-06-2025 12:07:47
 parsed_data: stdClass Object
(
    [payment_id] => 2655466762
    [action] => pay
    [status] => success
    [version] => 3
    [type] => buy
    [paytype] => card
    [public_key] => sandbox_i55978728567
    [acq_id] => 414963
    [order_id] => 5255
    [liqpay_order_id] => 9Q6X5N1B1748952466649269
    [description] => Передоплата замовлення № 5255
    [sender_first_name] => Кмчм
    [sender_last_name] => ямач
    [sender_card_mask2] => 424242*42
    [sender_card_bank] => Test
    [sender_card_type] => visa
    [sender_card_country] => 804
    [ip] => 178.151.152.228
    [amount] => 200
    [currency] => UAH
    [sender_commission] => 0
    [receiver_commission] => 3
    [agent_commission] => 0
    [amount_debit] => 200
    [amount_credit] => 200
    [commission_debit] => 0
    [commission_credit] => 3
    [currency_debit] => UAH
    [currency_credit] => UAH
    [sender_bonus] => 0
    [amount_bonus] => 0
    [mpi_eci] => 7
    [is_3ds] => 
    [language] => uk
    [create_date] => 1748952466651
    [end_date] => 1748952466778
    [transaction_id] => 2655466762
)
03-06-2025 12:07:47
 received_signature: pGjuI4oPF6O0hSx+2qrmLCyMXXI=03-06-2025 12:07:47
 Status: success03-06-2025 12:07:47
success03-06-2025 12:07:47
 order_id: 525503-06-2025 12:07:47
 order_id: stdClass Object
(
    [payment_id] => 2655466762
    [action] => pay
    [status] => success
    [version] => 3
    [type] => buy
    [paytype] => card
    [public_key] => sandbox_i55978728567
    [acq_id] => 414963
    [order_id] => 5255
    [liqpay_order_id] => 9Q6X5N1B1748952466649269
    [description] => Передоплата замовлення № 5255
    [sender_first_name] => Кмчм
    [sender_last_name] => ямач
    [sender_card_mask2] => 424242*42
    [sender_card_bank] => Test
    [sender_card_type] => visa
    [sender_card_country] => 804
    [ip] => 178.151.152.228
    [amount] => 200
    [currency] => UAH
    [sender_commission] => 0
    [receiver_commission] => 3
    [agent_commission] => 0
    [amount_debit] => 200
    [amount_credit] => 200
    [commission_debit] => 0
    [commission_credit] => 3
    [currency_debit] => UAH
    [currency_credit] => UAH
    [sender_bonus] => 0
    [amount_bonus] => 0
    [mpi_eci] => 7
    [is_3ds] => 
    [language] => uk
    [create_date] => 1748952466651
    [end_date] => 1748952466778
    [transaction_id] => 2655466762
)
03-06-2025 12:07:47
testestestetse03-06-2025 12:07:47
20003-06-2025 12:07:47
testestestetse03-06-2025 12:08:47
 Status: success03-06-2025 12:08:47
success03-06-2025 12:08:47
 order_id: 525503-06-2025 12:08:47
 parsed_data: stdClass Object
(
    [payment_id] => 2655466762
    [action] => pay
    [status] => success
    [version] => 3
    [type] => buy
    [paytype] => card
    [public_key] => sandbox_i55978728567
    [acq_id] => 414963
    [order_id] => 5255
    [liqpay_order_id] => 9Q6X5N1B1748952466649269
    [description] => Передоплата замовлення № 5255
    [sender_first_name] => Кмчм
    [sender_last_name] => ямач
    [sender_card_mask2] => 424242*42
    [sender_card_bank] => Test
    [sender_card_type] => visa
    [sender_card_country] => 804
    [ip] => 178.151.152.228
    [amount] => 200
    [currency] => UAH
    [sender_commission] => 0
    [receiver_commission] => 3
    [agent_commission] => 0
    [amount_debit] => 200
    [amount_credit] => 200
    [commission_debit] => 0
    [commission_credit] => 3
    [currency_debit] => UAH
    [currency_credit] => UAH
    [sender_bonus] => 0
    [amount_bonus] => 0
    [mpi_eci] => 7
    [is_3ds] => 
    [language] => uk
    [create_date] => 1748952466651
    [end_date] => 1748952466778
    [transaction_id] => 2655466762
)
03-06-2025 12:08:47
 received_signature: pGjuI4oPF6O0hSx+2qrmLCyMXXI=03-06-2025 12:08:47
 Status: success03-06-2025 12:08:47
success03-06-2025 12:08:47
 order_id: 525503-06-2025 12:08:47
 order_id: stdClass Object
(
    [payment_id] => 2655466762
    [action] => pay
    [status] => success
    [version] => 3
    [type] => buy
    [paytype] => card
    [public_key] => sandbox_i55978728567
    [acq_id] => 414963
    [order_id] => 5255
    [liqpay_order_id] => 9Q6X5N1B1748952466649269
    [description] => Передоплата замовлення № 5255
    [sender_first_name] => Кмчм
    [sender_last_name] => ямач
    [sender_card_mask2] => 424242*42
    [sender_card_bank] => Test
    [sender_card_type] => visa
    [sender_card_country] => 804
    [ip] => 178.151.152.228
    [amount] => 200
    [currency] => UAH
    [sender_commission] => 0
    [receiver_commission] => 3
    [agent_commission] => 0
    [amount_debit] => 200
    [amount_credit] => 200
    [commission_debit] => 0
    [commission_credit] => 3
    [currency_debit] => UAH
    [currency_credit] => UAH
    [sender_bonus] => 0
    [amount_bonus] => 0
    [mpi_eci] => 7
    [is_3ds] => 
    [language] => uk
    [create_date] => 1748952466651
    [end_date] => 1748952466778
    [transaction_id] => 2655466762
)
03-06-2025 12:09:31
 Status: success03-06-2025 12:09:31
success03-06-2025 12:09:31
 order_id: 525503-06-2025 12:09:31
 parsed_data: stdClass Object
(
    [payment_id] => 2655466762
    [action] => pay
    [status] => success
    [version] => 3
    [type] => buy
    [paytype] => card
    [public_key] => sandbox_i55978728567
    [acq_id] => 414963
    [order_id] => 5255
    [liqpay_order_id] => 9Q6X5N1B1748952466649269
    [description] => Передоплата замовлення № 5255
    [sender_first_name] => Кмчм
    [sender_last_name] => ямач
    [sender_card_mask2] => 424242*42
    [sender_card_bank] => Test
    [sender_card_type] => visa
    [sender_card_country] => 804
    [ip] => 178.151.152.228
    [amount] => 200
    [currency] => UAH
    [sender_commission] => 0
    [receiver_commission] => 3
    [agent_commission] => 0
    [amount_debit] => 200
    [amount_credit] => 200
    [commission_debit] => 0
    [commission_credit] => 3
    [currency_debit] => UAH
    [currency_credit] => UAH
    [sender_bonus] => 0
    [amount_bonus] => 0
    [mpi_eci] => 7
    [is_3ds] => 
    [language] => uk
    [create_date] => 1748952466651
    [end_date] => 1748952466778
    [transaction_id] => 2655466762
)
03-06-2025 12:09:31
 received_signature: pGjuI4oPF6O0hSx+2qrmLCyMXXI=03-06-2025 12:09:31
 Status: success03-06-2025 12:09:31
success03-06-2025 12:09:31
 order_id: 525503-06-2025 12:09:31
 order_id: stdClass Object
(
    [payment_id] => 2655466762
    [action] => pay
    [status] => success
    [version] => 3
    [type] => buy
    [paytype] => card
    [public_key] => sandbox_i55978728567
    [acq_id] => 414963
    [order_id] => 5255
    [liqpay_order_id] => 9Q6X5N1B1748952466649269
    [description] => Передоплата замовлення № 5255
    [sender_first_name] => Кмчм
    [sender_last_name] => ямач
    [sender_card_mask2] => 424242*42
    [sender_card_bank] => Test
    [sender_card_type] => visa
    [sender_card_country] => 804
    [ip] => 178.151.152.228
    [amount] => 200
    [currency] => UAH
    [sender_commission] => 0
    [receiver_commission] => 3
    [agent_commission] => 0
    [amount_debit] => 200
    [amount_credit] => 200
    [commission_debit] => 0
    [commission_credit] => 3
    [currency_debit] => UAH
    [currency_credit] => UAH
    [sender_bonus] => 0
    [amount_bonus] => 0
    [mpi_eci] => 7
    [is_3ds] => 
    [language] => uk
    [create_date] => 1748952466651
    [end_date] => 1748952466778
    [transaction_id] => 2655466762
)
03-06-2025 12:09:31
 Status: success03-06-2025 12:09:31
success03-06-2025 12:09:31
 order_id: 525503-06-2025 12:09:31
 parsed_data: stdClass Object
(
    [payment_id] => 2655466762
    [action] => pay
    [status] => success
    [version] => 3
    [type] => buy
    [paytype] => card
    [public_key] => sandbox_i55978728567
    [acq_id] => 414963
    [order_id] => 5255
    [liqpay_order_id] => 9Q6X5N1B1748952466649269
    [description] => Передоплата замовлення № 5255
    [sender_first_name] => Кмчм
    [sender_last_name] => ямач
    [sender_card_mask2] => 424242*42
    [sender_card_bank] => Test
    [sender_card_type] => visa
    [sender_card_country] => 804
    [ip] => 178.151.152.228
    [amount] => 200
    [currency] => UAH
    [sender_commission] => 0
    [receiver_commission] => 3
    [agent_commission] => 0
    [amount_debit] => 200
    [amount_credit] => 200
    [commission_debit] => 0
    [commission_credit] => 3
    [currency_debit] => UAH
    [currency_credit] => UAH
    [sender_bonus] => 0
    [amount_bonus] => 0
    [mpi_eci] => 7
    [is_3ds] => 
    [language] => uk
    [create_date] => 1748952466651
    [end_date] => 1748952466778
    [transaction_id] => 2655466762
)
03-06-2025 12:09:31
 received_signature: pGjuI4oPF6O0hSx+2qrmLCyMXXI=03-06-2025 12:09:31
 Status: success03-06-2025 12:09:31
success03-06-2025 12:09:31
 order_id: 525503-06-2025 12:09:31
 order_id: stdClass Object
(
    [payment_id] => 2655466762
    [action] => pay
    [status] => success
    [version] => 3
    [type] => buy
    [paytype] => card
    [public_key] => sandbox_i55978728567
    [acq_id] => 414963
    [order_id] => 5255
    [liqpay_order_id] => 9Q6X5N1B1748952466649269
    [description] => Передоплата замовлення № 5255
    [sender_first_name] => Кмчм
    [sender_last_name] => ямач
    [sender_card_mask2] => 424242*42
    [sender_card_bank] => Test
    [sender_card_type] => visa
    [sender_card_country] => 804
    [ip] => 178.151.152.228
    [amount] => 200
    [currency] => UAH
    [sender_commission] => 0
    [receiver_commission] => 3
    [agent_commission] => 0
    [amount_debit] => 200
    [amount_credit] => 200
    [commission_debit] => 0
    [commission_credit] => 3
    [currency_debit] => UAH
    [currency_credit] => UAH
    [sender_bonus] => 0
    [amount_bonus] => 0
    [mpi_eci] => 7
    [is_3ds] => 
    [language] => uk
    [create_date] => 1748952466651
    [end_date] => 1748952466778
    [transaction_id] => 2655466762
)
03-06-2025 12:11:00
 Status: success03-06-2025 12:11:00
success03-06-2025 12:11:00
 order_id: 525603-06-2025 12:11:00
 parsed_data: stdClass Object
(
    [payment_id] => 2655468527
    [action] => pay
    [status] => success
    [version] => 3
    [type] => buy
    [paytype] => card
    [public_key] => sandbox_i55978728567
    [acq_id] => 414963
    [order_id] => 5256
    [liqpay_order_id] => L6YJGPKR1748952659857621
    [description] => Payment for order № 5256
    [sender_first_name] => Еч а
    [sender_last_name] => чвсм
    [sender_card_mask2] => 424242*42
    [sender_card_bank] => Test
    [sender_card_type] => visa
    [sender_card_country] => 804
    [ip] => 178.151.152.228
    [amount] => 360
    [currency] => UAH
    [sender_commission] => 0
    [receiver_commission] => 5.4
    [agent_commission] => 0
    [amount_debit] => 360
    [amount_credit] => 360
    [commission_debit] => 0
    [commission_credit] => 5.4
    [currency_debit] => UAH
    [currency_credit] => UAH
    [sender_bonus] => 0
    [amount_bonus] => 0
    [mpi_eci] => 7
    [is_3ds] => 
    [language] => uk
    [create_date] => 1748952659860
    [end_date] => 1748952659953
    [transaction_id] => 2655468527
)
03-06-2025 12:11:00
 received_signature: TinGQut2GhRMRXq10P1vE4janso=03-06-2025 12:11:00
 Status: success03-06-2025 12:11:00
success03-06-2025 12:11:00
 order_id: 525603-06-2025 12:11:00
 order_id: stdClass Object
(
    [payment_id] => 2655468527
    [action] => pay
    [status] => success
    [version] => 3
    [type] => buy
    [paytype] => card
    [public_key] => sandbox_i55978728567
    [acq_id] => 414963
    [order_id] => 5256
    [liqpay_order_id] => L6YJGPKR1748952659857621
    [description] => Payment for order № 5256
    [sender_first_name] => Еч а
    [sender_last_name] => чвсм
    [sender_card_mask2] => 424242*42
    [sender_card_bank] => Test
    [sender_card_type] => visa
    [sender_card_country] => 804
    [ip] => 178.151.152.228
    [amount] => 360
    [currency] => UAH
    [sender_commission] => 0
    [receiver_commission] => 5.4
    [agent_commission] => 0
    [amount_debit] => 360
    [amount_credit] => 360
    [commission_debit] => 0
    [commission_credit] => 5.4
    [currency_debit] => UAH
    [currency_credit] => UAH
    [sender_bonus] => 0
    [amount_bonus] => 0
    [mpi_eci] => 7
    [is_3ds] => 
    [language] => uk
    [create_date] => 1748952659860
    [end_date] => 1748952659953
    [transaction_id] => 2655468527
)
03-06-2025 12:11:00
testestestetse03-06-2025 12:11:00
36003-06-2025 12:11:00
testestestetse03-06-2025 12:12:00
 Status: success03-06-2025 12:12:00
success03-06-2025 12:12:00
 order_id: 525603-06-2025 12:12:00
 parsed_data: stdClass Object
(
    [payment_id] => 2655468527
    [action] => pay
    [status] => success
    [version] => 3
    [type] => buy
    [paytype] => card
    [public_key] => sandbox_i55978728567
    [acq_id] => 414963
    [order_id] => 5256
    [liqpay_order_id] => L6YJGPKR1748952659857621
    [description] => Payment for order № 5256
    [sender_first_name] => Еч а
    [sender_last_name] => чвсм
    [sender_card_mask2] => 424242*42
    [sender_card_bank] => Test
    [sender_card_type] => visa
    [sender_card_country] => 804
    [ip] => 178.151.152.228
    [amount] => 360
    [currency] => UAH
    [sender_commission] => 0
    [receiver_commission] => 5.4
    [agent_commission] => 0
    [amount_debit] => 360
    [amount_credit] => 360
    [commission_debit] => 0
    [commission_credit] => 5.4
    [currency_debit] => UAH
    [currency_credit] => UAH
    [sender_bonus] => 0
    [amount_bonus] => 0
    [mpi_eci] => 7
    [is_3ds] => 
    [language] => uk
    [create_date] => 1748952659860
    [end_date] => 1748952659953
    [transaction_id] => 2655468527
)
03-06-2025 12:12:00
 received_signature: TinGQut2GhRMRXq10P1vE4janso=03-06-2025 12:12:00
 Status: success03-06-2025 12:12:00
success03-06-2025 12:12:00
 order_id: 525603-06-2025 12:12:00
 order_id: stdClass Object
(
    [payment_id] => 2655468527
    [action] => pay
    [status] => success
    [version] => 3
    [type] => buy
    [paytype] => card
    [public_key] => sandbox_i55978728567
    [acq_id] => 414963
    [order_id] => 5256
    [liqpay_order_id] => L6YJGPKR1748952659857621
    [description] => Payment for order № 5256
    [sender_first_name] => Еч а
    [sender_last_name] => чвсм
    [sender_card_mask2] => 424242*42
    [sender_card_bank] => Test
    [sender_card_type] => visa
    [sender_card_country] => 804
    [ip] => 178.151.152.228
    [amount] => 360
    [currency] => UAH
    [sender_commission] => 0
    [receiver_commission] => 5.4
    [agent_commission] => 0
    [amount_debit] => 360
    [amount_credit] => 360
    [commission_debit] => 0
    [commission_credit] => 5.4
    [currency_debit] => UAH
    [currency_credit] => UAH
    [sender_bonus] => 0
    [amount_bonus] => 0
    [mpi_eci] => 7
    [is_3ds] => 
    [language] => uk
    [create_date] => 1748952659860
    [end_date] => 1748952659953
    [transaction_id] => 2655468527
)
03-06-2025 12:12:41
 Status: success03-06-2025 12:12:41
success03-06-2025 12:12:41
 order_id: 525603-06-2025 12:12:41
 parsed_data: stdClass Object
(
    [payment_id] => 2655468527
    [action] => pay
    [status] => success
    [version] => 3
    [type] => buy
    [paytype] => card
    [public_key] => sandbox_i55978728567
    [acq_id] => 414963
    [order_id] => 5256
    [liqpay_order_id] => L6YJGPKR1748952659857621
    [description] => Payment for order № 5256
    [sender_first_name] => Еч а
    [sender_last_name] => чвсм
    [sender_card_mask2] => 424242*42
    [sender_card_bank] => Test
    [sender_card_type] => visa
    [sender_card_country] => 804
    [ip] => 178.151.152.228
    [amount] => 360
    [currency] => UAH
    [sender_commission] => 0
    [receiver_commission] => 5.4
    [agent_commission] => 0
    [amount_debit] => 360
    [amount_credit] => 360
    [commission_debit] => 0
    [commission_credit] => 5.4
    [currency_debit] => UAH
    [currency_credit] => UAH
    [sender_bonus] => 0
    [amount_bonus] => 0
    [mpi_eci] => 7
    [is_3ds] => 
    [language] => uk
    [create_date] => 1748952659860
    [end_date] => 1748952659953
    [transaction_id] => 2655468527
)
03-06-2025 12:12:41
 received_signature: TinGQut2GhRMRXq10P1vE4janso=03-06-2025 12:12:41
 Status: success03-06-2025 12:12:41
success03-06-2025 12:12:41
 order_id: 525603-06-2025 12:12:41
 order_id: stdClass Object
(
    [payment_id] => 2655468527
    [action] => pay
    [status] => success
    [version] => 3
    [type] => buy
    [paytype] => card
    [public_key] => sandbox_i55978728567
    [acq_id] => 414963
    [order_id] => 5256
    [liqpay_order_id] => L6YJGPKR1748952659857621
    [description] => Payment for order № 5256
    [sender_first_name] => Еч а
    [sender_last_name] => чвсм
    [sender_card_mask2] => 424242*42
    [sender_card_bank] => Test
    [sender_card_type] => visa
    [sender_card_country] => 804
    [ip] => 178.151.152.228
    [amount] => 360
    [currency] => UAH
    [sender_commission] => 0
    [receiver_commission] => 5.4
    [agent_commission] => 0
    [amount_debit] => 360
    [amount_credit] => 360
    [commission_debit] => 0
    [commission_credit] => 5.4
    [currency_debit] => UAH
    [currency_credit] => UAH
    [sender_bonus] => 0
    [amount_bonus] => 0
    [mpi_eci] => 7
    [is_3ds] => 
    [language] => uk
    [create_date] => 1748952659860
    [end_date] => 1748952659953
    [transaction_id] => 2655468527
)
03-06-2025 12:12:41
 Status: success03-06-2025 12:12:41
success03-06-2025 12:12:41
 order_id: 525603-06-2025 12:12:41
 parsed_data: stdClass Object
(
    [payment_id] => 2655468527
    [action] => pay
    [status] => success
    [version] => 3
    [type] => buy
    [paytype] => card
    [public_key] => sandbox_i55978728567
    [acq_id] => 414963
    [order_id] => 5256
    [liqpay_order_id] => L6YJGPKR1748952659857621
    [description] => Payment for order № 5256
    [sender_first_name] => Еч а
    [sender_last_name] => чвсм
    [sender_card_mask2] => 424242*42
    [sender_card_bank] => Test
    [sender_card_type] => visa
    [sender_card_country] => 804
    [ip] => 178.151.152.228
    [amount] => 360
    [currency] => UAH
    [sender_commission] => 0
    [receiver_commission] => 5.4
    [agent_commission] => 0
    [amount_debit] => 360
    [amount_credit] => 360
    [commission_debit] => 0
    [commission_credit] => 5.4
    [currency_debit] => UAH
    [currency_credit] => UAH
    [sender_bonus] => 0
    [amount_bonus] => 0
    [mpi_eci] => 7
    [is_3ds] => 
    [language] => uk
    [create_date] => 1748952659860
    [end_date] => 1748952659953
    [transaction_id] => 2655468527
)
03-06-2025 12:12:41
 received_signature: TinGQut2GhRMRXq10P1vE4janso=03-06-2025 12:12:41
 Status: success03-06-2025 12:12:41
success03-06-2025 12:12:41
 order_id: 525603-06-2025 12:12:41
 order_id: stdClass Object
(
    [payment_id] => 2655468527
    [action] => pay
    [status] => success
    [version] => 3
    [type] => buy
    [paytype] => card
    [public_key] => sandbox_i55978728567
    [acq_id] => 414963
    [order_id] => 5256
    [liqpay_order_id] => L6YJGPKR1748952659857621
    [description] => Payment for order № 5256
    [sender_first_name] => Еч а
    [sender_last_name] => чвсм
    [sender_card_mask2] => 424242*42
    [sender_card_bank] => Test
    [sender_card_type] => visa
    [sender_card_country] => 804
    [ip] => 178.151.152.228
    [amount] => 360
    [currency] => UAH
    [sender_commission] => 0
    [receiver_commission] => 5.4
    [agent_commission] => 0
    [amount_debit] => 360
    [amount_credit] => 360
    [commission_debit] => 0
    [commission_credit] => 5.4
    [currency_debit] => UAH
    [currency_credit] => UAH
    [sender_bonus] => 0
    [amount_bonus] => 0
    [mpi_eci] => 7
    [is_3ds] => 
    [language] => uk
    [create_date] => 1748952659860
    [end_date] => 1748952659953
    [transaction_id] => 2655468527
)
03-06-2025 12:45:48
 Status: success03-06-2025 12:45:48
success03-06-2025 12:45:48
 order_id: 525803-06-2025 12:45:48
 parsed_data: stdClass Object
(
    [payment_id] => 2655486341
    [action] => pay
    [status] => success
    [version] => 3
    [type] => buy
    [paytype] => card
    [public_key] => sandbox_i55978728567
    [acq_id] => 414963
    [order_id] => 5258
    [liqpay_order_id] => AOXO0SKX1748954747589023
    [description] => Payment for order № 5258
    [sender_first_name] => вонр
    [sender_last_name] => рн
    [sender_card_mask2] => 424242*42
    [sender_card_bank] => Test
    [sender_card_type] => visa
    [sender_card_country] => 804
    [ip] => 178.151.152.228
    [amount] => 360
    [currency] => UAH
    [sender_commission] => 0
    [receiver_commission] => 5.4
    [agent_commission] => 0
    [amount_debit] => 360
    [amount_credit] => 360
    [commission_debit] => 0
    [commission_credit] => 5.4
    [currency_debit] => UAH
    [currency_credit] => UAH
    [sender_bonus] => 0
    [amount_bonus] => 0
    [mpi_eci] => 7
    [is_3ds] => 
    [language] => uk
    [create_date] => 1748954747592
    [end_date] => 1748954747727
    [transaction_id] => 2655486341
)
03-06-2025 12:45:48
 received_signature: vdOQTH9qMkMQpjIeTKxm0nEwgGc=03-06-2025 12:45:48
 Status: success03-06-2025 12:45:48
success03-06-2025 12:45:48
 order_id: 525803-06-2025 12:45:48
 order_id: stdClass Object
(
    [payment_id] => 2655486341
    [action] => pay
    [status] => success
    [version] => 3
    [type] => buy
    [paytype] => card
    [public_key] => sandbox_i55978728567
    [acq_id] => 414963
    [order_id] => 5258
    [liqpay_order_id] => AOXO0SKX1748954747589023
    [description] => Payment for order № 5258
    [sender_first_name] => вонр
    [sender_last_name] => рн
    [sender_card_mask2] => 424242*42
    [sender_card_bank] => Test
    [sender_card_type] => visa
    [sender_card_country] => 804
    [ip] => 178.151.152.228
    [amount] => 360
    [currency] => UAH
    [sender_commission] => 0
    [receiver_commission] => 5.4
    [agent_commission] => 0
    [amount_debit] => 360
    [amount_credit] => 360
    [commission_debit] => 0
    [commission_credit] => 5.4
    [currency_debit] => UAH
    [currency_credit] => UAH
    [sender_bonus] => 0
    [amount_bonus] => 0
    [mpi_eci] => 7
    [is_3ds] => 
    [language] => uk
    [create_date] => 1748954747592
    [end_date] => 1748954747727
    [transaction_id] => 2655486341
)
03-06-2025 12:45:48
testestestetse03-06-2025 12:45:48
36003-06-2025 12:45:48
testestestetse03-06-2025 12:46:48
 Status: success03-06-2025 12:46:48
success03-06-2025 12:46:48
 order_id: 525803-06-2025 12:46:48
 parsed_data: stdClass Object
(
    [payment_id] => 2655486341
    [action] => pay
    [status] => success
    [version] => 3
    [type] => buy
    [paytype] => card
    [public_key] => sandbox_i55978728567
    [acq_id] => 414963
    [order_id] => 5258
    [liqpay_order_id] => AOXO0SKX1748954747589023
    [description] => Payment for order № 5258
    [sender_first_name] => вонр
    [sender_last_name] => рн
    [sender_card_mask2] => 424242*42
    [sender_card_bank] => Test
    [sender_card_type] => visa
    [sender_card_country] => 804
    [ip] => 178.151.152.228
    [amount] => 360
    [currency] => UAH
    [sender_commission] => 0
    [receiver_commission] => 5.4
    [agent_commission] => 0
    [amount_debit] => 360
    [amount_credit] => 360
    [commission_debit] => 0
    [commission_credit] => 5.4
    [currency_debit] => UAH
    [currency_credit] => UAH
    [sender_bonus] => 0
    [amount_bonus] => 0
    [mpi_eci] => 7
    [is_3ds] => 
    [language] => uk
    [create_date] => 1748954747592
    [end_date] => 1748954747727
    [transaction_id] => 2655486341
)
03-06-2025 12:46:48
 received_signature: vdOQTH9qMkMQpjIeTKxm0nEwgGc=03-06-2025 12:46:48
 Status: success03-06-2025 12:46:48
success03-06-2025 12:46:48
 order_id: 525803-06-2025 12:46:48
 order_id: stdClass Object
(
    [payment_id] => 2655486341
    [action] => pay
    [status] => success
    [version] => 3
    [type] => buy
    [paytype] => card
    [public_key] => sandbox_i55978728567
    [acq_id] => 414963
    [order_id] => 5258
    [liqpay_order_id] => AOXO0SKX1748954747589023
    [description] => Payment for order № 5258
    [sender_first_name] => вонр
    [sender_last_name] => рн
    [sender_card_mask2] => 424242*42
    [sender_card_bank] => Test
    [sender_card_type] => visa
    [sender_card_country] => 804
    [ip] => 178.151.152.228
    [amount] => 360
    [currency] => UAH
    [sender_commission] => 0
    [receiver_commission] => 5.4
    [agent_commission] => 0
    [amount_debit] => 360
    [amount_credit] => 360
    [commission_debit] => 0
    [commission_credit] => 5.4
    [currency_debit] => UAH
    [currency_credit] => UAH
    [sender_bonus] => 0
    [amount_bonus] => 0
    [mpi_eci] => 7
    [is_3ds] => 
    [language] => uk
    [create_date] => 1748954747592
    [end_date] => 1748954747727
    [transaction_id] => 2655486341
)
03-06-2025 12:47:31
 Status: success03-06-2025 12:47:31
success03-06-2025 12:47:31
 order_id: 525803-06-2025 12:47:31
 parsed_data: stdClass Object
(
    [payment_id] => 2655486341
    [action] => pay
    [status] => success
    [version] => 3
    [type] => buy
    [paytype] => card
    [public_key] => sandbox_i55978728567
    [acq_id] => 414963
    [order_id] => 5258
    [liqpay_order_id] => AOXO0SKX1748954747589023
    [description] => Payment for order № 5258
    [sender_first_name] => вонр
    [sender_last_name] => рн
    [sender_card_mask2] => 424242*42
    [sender_card_bank] => Test
    [sender_card_type] => visa
    [sender_card_country] => 804
    [ip] => 178.151.152.228
    [amount] => 360
    [currency] => UAH
    [sender_commission] => 0
    [receiver_commission] => 5.4
    [agent_commission] => 0
    [amount_debit] => 360
    [amount_credit] => 360
    [commission_debit] => 0
    [commission_credit] => 5.4
    [currency_debit] => UAH
    [currency_credit] => UAH
    [sender_bonus] => 0
    [amount_bonus] => 0
    [mpi_eci] => 7
    [is_3ds] => 
    [language] => uk
    [create_date] => 1748954747592
    [end_date] => 1748954747727
    [transaction_id] => 2655486341
)
03-06-2025 12:47:31
 received_signature: vdOQTH9qMkMQpjIeTKxm0nEwgGc=03-06-2025 12:47:31
 Status: success03-06-2025 12:47:31
success03-06-2025 12:47:31
 order_id: 525803-06-2025 12:47:31
 order_id: stdClass Object
(
    [payment_id] => 2655486341
    [action] => pay
    [status] => success
    [version] => 3
    [type] => buy
    [paytype] => card
    [public_key] => sandbox_i55978728567
    [acq_id] => 414963
    [order_id] => 5258
    [liqpay_order_id] => AOXO0SKX1748954747589023
    [description] => Payment for order № 5258
    [sender_first_name] => вонр
    [sender_last_name] => рн
    [sender_card_mask2] => 424242*42
    [sender_card_bank] => Test
    [sender_card_type] => visa
    [sender_card_country] => 804
    [ip] => 178.151.152.228
    [amount] => 360
    [currency] => UAH
    [sender_commission] => 0
    [receiver_commission] => 5.4
    [agent_commission] => 0
    [amount_debit] => 360
    [amount_credit] => 360
    [commission_debit] => 0
    [commission_credit] => 5.4
    [currency_debit] => UAH
    [currency_credit] => UAH
    [sender_bonus] => 0
    [amount_bonus] => 0
    [mpi_eci] => 7
    [is_3ds] => 
    [language] => uk
    [create_date] => 1748954747592
    [end_date] => 1748954747727
    [transaction_id] => 2655486341
)
03-06-2025 12:47:31
 Status: success03-06-2025 12:47:31
success03-06-2025 12:47:31
 order_id: 525803-06-2025 12:47:31
 parsed_data: stdClass Object
(
    [payment_id] => 2655486341
    [action] => pay
    [status] => success
    [version] => 3
    [type] => buy
    [paytype] => card
    [public_key] => sandbox_i55978728567
    [acq_id] => 414963
    [order_id] => 5258
    [liqpay_order_id] => AOXO0SKX1748954747589023
    [description] => Payment for order № 5258
    [sender_first_name] => вонр
    [sender_last_name] => рн
    [sender_card_mask2] => 424242*42
    [sender_card_bank] => Test
    [sender_card_type] => visa
    [sender_card_country] => 804
    [ip] => 178.151.152.228
    [amount] => 360
    [currency] => UAH
    [sender_commission] => 0
    [receiver_commission] => 5.4
    [agent_commission] => 0
    [amount_debit] => 360
    [amount_credit] => 360
    [commission_debit] => 0
    [commission_credit] => 5.4
    [currency_debit] => UAH
    [currency_credit] => UAH
    [sender_bonus] => 0
    [amount_bonus] => 0
    [mpi_eci] => 7
    [is_3ds] => 
    [language] => uk
    [create_date] => 1748954747592
    [end_date] => 1748954747727
    [transaction_id] => 2655486341
)
03-06-2025 12:47:31
 received_signature: vdOQTH9qMkMQpjIeTKxm0nEwgGc=03-06-2025 12:47:31
 Status: success03-06-2025 12:47:31
success03-06-2025 12:47:31
 order_id: 525803-06-2025 12:47:31
 order_id: stdClass Object
(
    [payment_id] => 2655486341
    [action] => pay
    [status] => success
    [version] => 3
    [type] => buy
    [paytype] => card
    [public_key] => sandbox_i55978728567
    [acq_id] => 414963
    [order_id] => 5258
    [liqpay_order_id] => AOXO0SKX1748954747589023
    [description] => Payment for order № 5258
    [sender_first_name] => вонр
    [sender_last_name] => рн
    [sender_card_mask2] => 424242*42
    [sender_card_bank] => Test
    [sender_card_type] => visa
    [sender_card_country] => 804
    [ip] => 178.151.152.228
    [amount] => 360
    [currency] => UAH
    [sender_commission] => 0
    [receiver_commission] => 5.4
    [agent_commission] => 0
    [amount_debit] => 360
    [amount_credit] => 360
    [commission_debit] => 0
    [commission_credit] => 5.4
    [currency_debit] => UAH
    [currency_credit] => UAH
    [sender_bonus] => 0
    [amount_bonus] => 0
    [mpi_eci] => 7
    [is_3ds] => 
    [language] => uk
    [create_date] => 1748954747592
    [end_date] => 1748954747727
    [transaction_id] => 2655486341
)
03-06-2025 13:07:16
 Status: success03-06-2025 13:07:16
success03-06-2025 13:07:16
 order_id: 525903-06-2025 13:07:16
 parsed_data: stdClass Object
(
    [payment_id] => 2655496880
    [action] => pay
    [status] => success
    [version] => 3
    [type] => buy
    [paytype] => card
    [public_key] => sandbox_i55978728567
    [acq_id] => 414963
    [order_id] => 5259
    [liqpay_order_id] => KB18MVVZ1748956036302627
    [description] => Payment for order № 5259
    [sender_first_name] => ывкн
    [sender_last_name] => ынкнк
    [sender_card_mask2] => 424242*42
    [sender_card_bank] => Test
    [sender_card_type] => visa
    [sender_card_country] => 804
    [ip] => 178.151.152.228
    [amount] => 360
    [currency] => UAH
    [sender_commission] => 0
    [receiver_commission] => 5.4
    [agent_commission] => 0
    [amount_debit] => 360
    [amount_credit] => 360
    [commission_debit] => 0
    [commission_credit] => 5.4
    [currency_debit] => UAH
    [currency_credit] => UAH
    [sender_bonus] => 0
    [amount_bonus] => 0
    [mpi_eci] => 7
    [is_3ds] => 
    [language] => uk
    [create_date] => 1748956036305
    [end_date] => 1748956036443
    [transaction_id] => 2655496880
)
03-06-2025 13:07:16
 received_signature: 5esBjnN/ls1QyryeT5UfP2WupV0=03-06-2025 13:07:16
 Status: success03-06-2025 13:07:16
success03-06-2025 13:07:16
 order_id: 525903-06-2025 13:07:16
 order_id: stdClass Object
(
    [payment_id] => 2655496880
    [action] => pay
    [status] => success
    [version] => 3
    [type] => buy
    [paytype] => card
    [public_key] => sandbox_i55978728567
    [acq_id] => 414963
    [order_id] => 5259
    [liqpay_order_id] => KB18MVVZ1748956036302627
    [description] => Payment for order № 5259
    [sender_first_name] => ывкн
    [sender_last_name] => ынкнк
    [sender_card_mask2] => 424242*42
    [sender_card_bank] => Test
    [sender_card_type] => visa
    [sender_card_country] => 804
    [ip] => 178.151.152.228
    [amount] => 360
    [currency] => UAH
    [sender_commission] => 0
    [receiver_commission] => 5.4
    [agent_commission] => 0
    [amount_debit] => 360
    [amount_credit] => 360
    [commission_debit] => 0
    [commission_credit] => 5.4
    [currency_debit] => UAH
    [currency_credit] => UAH
    [sender_bonus] => 0
    [amount_bonus] => 0
    [mpi_eci] => 7
    [is_3ds] => 
    [language] => uk
    [create_date] => 1748956036305
    [end_date] => 1748956036443
    [transaction_id] => 2655496880
)
03-06-2025 13:07:17
testestestetse03-06-2025 13:07:17
36003-06-2025 13:07:17
testestestetse03-06-2025 13:08:17
 Status: success03-06-2025 13:08:17
success03-06-2025 13:08:17
 order_id: 525903-06-2025 13:08:17
 parsed_data: stdClass Object
(
    [payment_id] => 2655496880
    [action] => pay
    [status] => success
    [version] => 3
    [type] => buy
    [paytype] => card
    [public_key] => sandbox_i55978728567
    [acq_id] => 414963
    [order_id] => 5259
    [liqpay_order_id] => KB18MVVZ1748956036302627
    [description] => Payment for order № 5259
    [sender_first_name] => ывкн
    [sender_last_name] => ынкнк
    [sender_card_mask2] => 424242*42
    [sender_card_bank] => Test
    [sender_card_type] => visa
    [sender_card_country] => 804
    [ip] => 178.151.152.228
    [amount] => 360
    [currency] => UAH
    [sender_commission] => 0
    [receiver_commission] => 5.4
    [agent_commission] => 0
    [amount_debit] => 360
    [amount_credit] => 360
    [commission_debit] => 0
    [commission_credit] => 5.4
    [currency_debit] => UAH
    [currency_credit] => UAH
    [sender_bonus] => 0
    [amount_bonus] => 0
    [mpi_eci] => 7
    [is_3ds] => 
    [language] => uk
    [create_date] => 1748956036305
    [end_date] => 1748956036443
    [transaction_id] => 2655496880
)
03-06-2025 13:08:17
 received_signature: 5esBjnN/ls1QyryeT5UfP2WupV0=03-06-2025 13:08:17
 Status: success03-06-2025 13:08:17
success03-06-2025 13:08:17
 order_id: 525903-06-2025 13:08:17
 order_id: stdClass Object
(
    [payment_id] => 2655496880
    [action] => pay
    [status] => success
    [version] => 3
    [type] => buy
    [paytype] => card
    [public_key] => sandbox_i55978728567
    [acq_id] => 414963
    [order_id] => 5259
    [liqpay_order_id] => KB18MVVZ1748956036302627
    [description] => Payment for order № 5259
    [sender_first_name] => ывкн
    [sender_last_name] => ынкнк
    [sender_card_mask2] => 424242*42
    [sender_card_bank] => Test
    [sender_card_type] => visa
    [sender_card_country] => 804
    [ip] => 178.151.152.228
    [amount] => 360
    [currency] => UAH
    [sender_commission] => 0
    [receiver_commission] => 5.4
    [agent_commission] => 0
    [amount_debit] => 360
    [amount_credit] => 360
    [commission_debit] => 0
    [commission_credit] => 5.4
    [currency_debit] => UAH
    [currency_credit] => UAH
    [sender_bonus] => 0
    [amount_bonus] => 0
    [mpi_eci] => 7
    [is_3ds] => 
    [language] => uk
    [create_date] => 1748956036305
    [end_date] => 1748956036443
    [transaction_id] => 2655496880
)
03-06-2025 13:09:01
 Status: success03-06-2025 13:09:01
success03-06-2025 13:09:01
 order_id: 525903-06-2025 13:09:01
 parsed_data: stdClass Object
(
    [payment_id] => 2655496880
    [action] => pay
    [status] => success
    [version] => 3
    [type] => buy
    [paytype] => card
    [public_key] => sandbox_i55978728567
    [acq_id] => 414963
    [order_id] => 5259
    [liqpay_order_id] => KB18MVVZ1748956036302627
    [description] => Payment for order № 5259
    [sender_first_name] => ывкн
    [sender_last_name] => ынкнк
    [sender_card_mask2] => 424242*42
    [sender_card_bank] => Test
    [sender_card_type] => visa
    [sender_card_country] => 804
    [ip] => 178.151.152.228
    [amount] => 360
    [currency] => UAH
    [sender_commission] => 0
    [receiver_commission] => 5.4
    [agent_commission] => 0
    [amount_debit] => 360
    [amount_credit] => 360
    [commission_debit] => 0
    [commission_credit] => 5.4
    [currency_debit] => UAH
    [currency_credit] => UAH
    [sender_bonus] => 0
    [amount_bonus] => 0
    [mpi_eci] => 7
    [is_3ds] => 
    [language] => uk
    [create_date] => 1748956036305
    [end_date] => 1748956036443
    [transaction_id] => 2655496880
)
03-06-2025 13:09:01
 received_signature: 5esBjnN/ls1QyryeT5UfP2WupV0=03-06-2025 13:09:01
 Status: success03-06-2025 13:09:01
success03-06-2025 13:09:01
 order_id: 525903-06-2025 13:09:01
 order_id: stdClass Object
(
    [payment_id] => 2655496880
    [action] => pay
    [status] => success
    [version] => 3
    [type] => buy
    [paytype] => card
    [public_key] => sandbox_i55978728567
    [acq_id] => 414963
    [order_id] => 5259
    [liqpay_order_id] => KB18MVVZ1748956036302627
    [description] => Payment for order № 5259
    [sender_first_name] => ывкн
    [sender_last_name] => ынкнк
    [sender_card_mask2] => 424242*42
    [sender_card_bank] => Test
    [sender_card_type] => visa
    [sender_card_country] => 804
    [ip] => 178.151.152.228
    [amount] => 360
    [currency] => UAH
    [sender_commission] => 0
    [receiver_commission] => 5.4
    [agent_commission] => 0
    [amount_debit] => 360
    [amount_credit] => 360
    [commission_debit] => 0
    [commission_credit] => 5.4
    [currency_debit] => UAH
    [currency_credit] => UAH
    [sender_bonus] => 0
    [amount_bonus] => 0
    [mpi_eci] => 7
    [is_3ds] => 
    [language] => uk
    [create_date] => 1748956036305
    [end_date] => 1748956036443
    [transaction_id] => 2655496880
)
03-06-2025 13:09:01
 Status: success03-06-2025 13:09:01
success03-06-2025 13:09:01
 order_id: 525903-06-2025 13:09:01
 parsed_data: stdClass Object
(
    [payment_id] => 2655496880
    [action] => pay
    [status] => success
    [version] => 3
    [type] => buy
    [paytype] => card
    [public_key] => sandbox_i55978728567
    [acq_id] => 414963
    [order_id] => 5259
    [liqpay_order_id] => KB18MVVZ1748956036302627
    [description] => Payment for order № 5259
    [sender_first_name] => ывкн
    [sender_last_name] => ынкнк
    [sender_card_mask2] => 424242*42
    [sender_card_bank] => Test
    [sender_card_type] => visa
    [sender_card_country] => 804
    [ip] => 178.151.152.228
    [amount] => 360
    [currency] => UAH
    [sender_commission] => 0
    [receiver_commission] => 5.4
    [agent_commission] => 0
    [amount_debit] => 360
    [amount_credit] => 360
    [commission_debit] => 0
    [commission_credit] => 5.4
    [currency_debit] => UAH
    [currency_credit] => UAH
    [sender_bonus] => 0
    [amount_bonus] => 0
    [mpi_eci] => 7
    [is_3ds] => 
    [language] => uk
    [create_date] => 1748956036305
    [end_date] => 1748956036443
    [transaction_id] => 2655496880
)
03-06-2025 13:09:01
 received_signature: 5esBjnN/ls1QyryeT5UfP2WupV0=03-06-2025 13:09:01
 Status: success03-06-2025 13:09:01
success03-06-2025 13:09:01
 order_id: 525903-06-2025 13:09:01
 order_id: stdClass Object
(
    [payment_id] => 2655496880
    [action] => pay
    [status] => success
    [version] => 3
    [type] => buy
    [paytype] => card
    [public_key] => sandbox_i55978728567
    [acq_id] => 414963
    [order_id] => 5259
    [liqpay_order_id] => KB18MVVZ1748956036302627
    [description] => Payment for order № 5259
    [sender_first_name] => ывкн
    [sender_last_name] => ынкнк
    [sender_card_mask2] => 424242*42
    [sender_card_bank] => Test
    [sender_card_type] => visa
    [sender_card_country] => 804
    [ip] => 178.151.152.228
    [amount] => 360
    [currency] => UAH
    [sender_commission] => 0
    [receiver_commission] => 5.4
    [agent_commission] => 0
    [amount_debit] => 360
    [amount_credit] => 360
    [commission_debit] => 0
    [commission_credit] => 5.4
    [currency_debit] => UAH
    [currency_credit] => UAH
    [sender_bonus] => 0
    [amount_bonus] => 0
    [mpi_eci] => 7
    [is_3ds] => 
    [language] => uk
    [create_date] => 1748956036305
    [end_date] => 1748956036443
    [transaction_id] => 2655496880
)
03-06-2025 13:09:07
 Status: success03-06-2025 13:09:07
success03-06-2025 13:09:07
 order_id: 526003-06-2025 13:09:07
 parsed_data: stdClass Object
(
    [payment_id] => 2655498005
    [action] => pay
    [status] => success
    [version] => 3
    [type] => buy
    [paytype] => card
    [public_key] => sandbox_i55978728567
    [acq_id] => 414963
    [order_id] => 5260
    [liqpay_order_id] => J8IANGBS1748956147258274
    [description] => Передоплата замовлення № 5260
    [sender_first_name] => вкнв
    [sender_last_name] => ыпы
    [sender_card_mask2] => 424242*42
    [sender_card_bank] => Test
    [sender_card_type] => visa
    [sender_card_country] => 804
    [ip] => 178.151.152.228
    [amount] => 200
    [currency] => UAH
    [sender_commission] => 0
    [receiver_commission] => 3
    [agent_commission] => 0
    [amount_debit] => 200
    [amount_credit] => 200
    [commission_debit] => 0
    [commission_credit] => 3
    [currency_debit] => UAH
    [currency_credit] => UAH
    [sender_bonus] => 0
    [amount_bonus] => 0
    [mpi_eci] => 7
    [is_3ds] => 
    [language] => uk
    [create_date] => 1748956147260
    [end_date] => 1748956147357
    [transaction_id] => 2655498005
)
03-06-2025 13:09:07
 received_signature: iCF0/2bcTQmWTi+jtLvp5sd5/NQ=03-06-2025 13:09:07
 Status: success03-06-2025 13:09:07
success03-06-2025 13:09:07
 order_id: 526003-06-2025 13:09:07
 order_id: stdClass Object
(
    [payment_id] => 2655498005
    [action] => pay
    [status] => success
    [version] => 3
    [type] => buy
    [paytype] => card
    [public_key] => sandbox_i55978728567
    [acq_id] => 414963
    [order_id] => 5260
    [liqpay_order_id] => J8IANGBS1748956147258274
    [description] => Передоплата замовлення № 5260
    [sender_first_name] => вкнв
    [sender_last_name] => ыпы
    [sender_card_mask2] => 424242*42
    [sender_card_bank] => Test
    [sender_card_type] => visa
    [sender_card_country] => 804
    [ip] => 178.151.152.228
    [amount] => 200
    [currency] => UAH
    [sender_commission] => 0
    [receiver_commission] => 3
    [agent_commission] => 0
    [amount_debit] => 200
    [amount_credit] => 200
    [commission_debit] => 0
    [commission_credit] => 3
    [currency_debit] => UAH
    [currency_credit] => UAH
    [sender_bonus] => 0
    [amount_bonus] => 0
    [mpi_eci] => 7
    [is_3ds] => 
    [language] => uk
    [create_date] => 1748956147260
    [end_date] => 1748956147357
    [transaction_id] => 2655498005
)
03-06-2025 13:09:07
testestestetse03-06-2025 13:09:07
20003-06-2025 13:09:07
testestestetse03-06-2025 13:10:08
 Status: success03-06-2025 13:10:08
success03-06-2025 13:10:08
 order_id: 526003-06-2025 13:10:08
 parsed_data: stdClass Object
(
    [payment_id] => 2655498005
    [action] => pay
    [status] => success
    [version] => 3
    [type] => buy
    [paytype] => card
    [public_key] => sandbox_i55978728567
    [acq_id] => 414963
    [order_id] => 5260
    [liqpay_order_id] => J8IANGBS1748956147258274
    [description] => Передоплата замовлення № 5260
    [sender_first_name] => вкнв
    [sender_last_name] => ыпы
    [sender_card_mask2] => 424242*42
    [sender_card_bank] => Test
    [sender_card_type] => visa
    [sender_card_country] => 804
    [ip] => 178.151.152.228
    [amount] => 200
    [currency] => UAH
    [sender_commission] => 0
    [receiver_commission] => 3
    [agent_commission] => 0
    [amount_debit] => 200
    [amount_credit] => 200
    [commission_debit] => 0
    [commission_credit] => 3
    [currency_debit] => UAH
    [currency_credit] => UAH
    [sender_bonus] => 0
    [amount_bonus] => 0
    [mpi_eci] => 7
    [is_3ds] => 
    [language] => uk
    [create_date] => 1748956147260
    [end_date] => 1748956147357
    [transaction_id] => 2655498005
)
03-06-2025 13:10:08
 received_signature: iCF0/2bcTQmWTi+jtLvp5sd5/NQ=03-06-2025 13:10:08
 Status: success03-06-2025 13:10:08
success03-06-2025 13:10:08
 order_id: 526003-06-2025 13:10:08
 order_id: stdClass Object
(
    [payment_id] => 2655498005
    [action] => pay
    [status] => success
    [version] => 3
    [type] => buy
    [paytype] => card
    [public_key] => sandbox_i55978728567
    [acq_id] => 414963
    [order_id] => 5260
    [liqpay_order_id] => J8IANGBS1748956147258274
    [description] => Передоплата замовлення № 5260
    [sender_first_name] => вкнв
    [sender_last_name] => ыпы
    [sender_card_mask2] => 424242*42
    [sender_card_bank] => Test
    [sender_card_type] => visa
    [sender_card_country] => 804
    [ip] => 178.151.152.228
    [amount] => 200
    [currency] => UAH
    [sender_commission] => 0
    [receiver_commission] => 3
    [agent_commission] => 0
    [amount_debit] => 200
    [amount_credit] => 200
    [commission_debit] => 0
    [commission_credit] => 3
    [currency_debit] => UAH
    [currency_credit] => UAH
    [sender_bonus] => 0
    [amount_bonus] => 0
    [mpi_eci] => 7
    [is_3ds] => 
    [language] => uk
    [create_date] => 1748956147260
    [end_date] => 1748956147357
    [transaction_id] => 2655498005
)
03-06-2025 13:10:48
 Status: success03-06-2025 13:10:48
success03-06-2025 13:10:48
 order_id: 526003-06-2025 13:10:48
 parsed_data: stdClass Object
(
    [payment_id] => 2655498005
    [action] => pay
    [status] => success
    [version] => 3
    [type] => buy
    [paytype] => card
    [public_key] => sandbox_i55978728567
    [acq_id] => 414963
    [order_id] => 5260
    [liqpay_order_id] => J8IANGBS1748956147258274
    [description] => Передоплата замовлення № 5260
    [sender_first_name] => вкнв
    [sender_last_name] => ыпы
    [sender_card_mask2] => 424242*42
    [sender_card_bank] => Test
    [sender_card_type] => visa
    [sender_card_country] => 804
    [ip] => 178.151.152.228
    [amount] => 200
    [currency] => UAH
    [sender_commission] => 0
    [receiver_commission] => 3
    [agent_commission] => 0
    [amount_debit] => 200
    [amount_credit] => 200
    [commission_debit] => 0
    [commission_credit] => 3
    [currency_debit] => UAH
    [currency_credit] => UAH
    [sender_bonus] => 0
    [amount_bonus] => 0
    [mpi_eci] => 7
    [is_3ds] => 
    [language] => uk
    [create_date] => 1748956147260
    [end_date] => 1748956147357
    [transaction_id] => 2655498005
)
03-06-2025 13:10:48
 received_signature: iCF0/2bcTQmWTi+jtLvp5sd5/NQ=03-06-2025 13:10:48
 Status: success03-06-2025 13:10:48
success03-06-2025 13:10:48
 order_id: 526003-06-2025 13:10:48
 order_id: stdClass Object
(
    [payment_id] => 2655498005
    [action] => pay
    [status] => success
    [version] => 3
    [type] => buy
    [paytype] => card
    [public_key] => sandbox_i55978728567
    [acq_id] => 414963
    [order_id] => 5260
    [liqpay_order_id] => J8IANGBS1748956147258274
    [description] => Передоплата замовлення № 5260
    [sender_first_name] => вкнв
    [sender_last_name] => ыпы
    [sender_card_mask2] => 424242*42
    [sender_card_bank] => Test
    [sender_card_type] => visa
    [sender_card_country] => 804
    [ip] => 178.151.152.228
    [amount] => 200
    [currency] => UAH
    [sender_commission] => 0
    [receiver_commission] => 3
    [agent_commission] => 0
    [amount_debit] => 200
    [amount_credit] => 200
    [commission_debit] => 0
    [commission_credit] => 3
    [currency_debit] => UAH
    [currency_credit] => UAH
    [sender_bonus] => 0
    [amount_bonus] => 0
    [mpi_eci] => 7
    [is_3ds] => 
    [language] => uk
    [create_date] => 1748956147260
    [end_date] => 1748956147357
    [transaction_id] => 2655498005
)
03-06-2025 13:10:48
 Status: success03-06-2025 13:10:48
success03-06-2025 13:10:48
 order_id: 526003-06-2025 13:10:48
 parsed_data: stdClass Object
(
    [payment_id] => 2655498005
    [action] => pay
    [status] => success
    [version] => 3
    [type] => buy
    [paytype] => card
    [public_key] => sandbox_i55978728567
    [acq_id] => 414963
    [order_id] => 5260
    [liqpay_order_id] => J8IANGBS1748956147258274
    [description] => Передоплата замовлення № 5260
    [sender_first_name] => вкнв
    [sender_last_name] => ыпы
    [sender_card_mask2] => 424242*42
    [sender_card_bank] => Test
    [sender_card_type] => visa
    [sender_card_country] => 804
    [ip] => 178.151.152.228
    [amount] => 200
    [currency] => UAH
    [sender_commission] => 0
    [receiver_commission] => 3
    [agent_commission] => 0
    [amount_debit] => 200
    [amount_credit] => 200
    [commission_debit] => 0
    [commission_credit] => 3
    [currency_debit] => UAH
    [currency_credit] => UAH
    [sender_bonus] => 0
    [amount_bonus] => 0
    [mpi_eci] => 7
    [is_3ds] => 
    [language] => uk
    [create_date] => 1748956147260
    [end_date] => 1748956147357
    [transaction_id] => 2655498005
)
03-06-2025 13:10:48
 received_signature: iCF0/2bcTQmWTi+jtLvp5sd5/NQ=03-06-2025 13:10:48
 Status: success03-06-2025 13:10:48
success03-06-2025 13:10:48
 order_id: 526003-06-2025 13:10:48
 order_id: stdClass Object
(
    [payment_id] => 2655498005
    [action] => pay
    [status] => success
    [version] => 3
    [type] => buy
    [paytype] => card
    [public_key] => sandbox_i55978728567
    [acq_id] => 414963
    [order_id] => 5260
    [liqpay_order_id] => J8IANGBS1748956147258274
    [description] => Передоплата замовлення № 5260
    [sender_first_name] => вкнв
    [sender_last_name] => ыпы
    [sender_card_mask2] => 424242*42
    [sender_card_bank] => Test
    [sender_card_type] => visa
    [sender_card_country] => 804
    [ip] => 178.151.152.228
    [amount] => 200
    [currency] => UAH
    [sender_commission] => 0
    [receiver_commission] => 3
    [agent_commission] => 0
    [amount_debit] => 200
    [amount_credit] => 200
    [commission_debit] => 0
    [commission_credit] => 3
    [currency_debit] => UAH
    [currency_credit] => UAH
    [sender_bonus] => 0
    [amount_bonus] => 0
    [mpi_eci] => 7
    [is_3ds] => 
    [language] => uk
    [create_date] => 1748956147260
    [end_date] => 1748956147357
    [transaction_id] => 2655498005
)
03-06-2025 13:19:03
 Status: success03-06-2025 13:19:03
success03-06-2025 13:19:03
 order_id: 526103-06-2025 13:19:03
 parsed_data: stdClass Object
(
    [payment_id] => 2655503116
    [action] => pay
    [status] => success
    [version] => 3
    [type] => buy
    [paytype] => card
    [public_key] => sandbox_i55978728567
    [acq_id] => 414963
    [order_id] => 5261
    [liqpay_order_id] => RFV9Y6DN1748956742735244
    [description] => Передоплата замовлення № 5261
    [sender_first_name] => еврп
    [sender_last_name] => врнвро
    [sender_card_mask2] => 424242*42
    [sender_card_bank] => Test
    [sender_card_type] => visa
    [sender_card_country] => 804
    [ip] => 178.151.152.228
    [amount] => 200
    [currency] => UAH
    [sender_commission] => 0
    [receiver_commission] => 3
    [agent_commission] => 0
    [amount_debit] => 200
    [amount_credit] => 200
    [commission_debit] => 0
    [commission_credit] => 3
    [currency_debit] => UAH
    [currency_credit] => UAH
    [sender_bonus] => 0
    [amount_bonus] => 0
    [mpi_eci] => 7
    [is_3ds] => 
    [language] => uk
    [create_date] => 1748956742739
    [end_date] => 1748956742877
    [transaction_id] => 2655503116
)
03-06-2025 13:19:03
 received_signature: 2NDVnQk3Ztr9gMaA5iN4UTGibOE=03-06-2025 13:19:03
 Status: success03-06-2025 13:19:03
success03-06-2025 13:19:03
 order_id: 526103-06-2025 13:19:03
 order_id: stdClass Object
(
    [payment_id] => 2655503116
    [action] => pay
    [status] => success
    [version] => 3
    [type] => buy
    [paytype] => card
    [public_key] => sandbox_i55978728567
    [acq_id] => 414963
    [order_id] => 5261
    [liqpay_order_id] => RFV9Y6DN1748956742735244
    [description] => Передоплата замовлення № 5261
    [sender_first_name] => еврп
    [sender_last_name] => врнвро
    [sender_card_mask2] => 424242*42
    [sender_card_bank] => Test
    [sender_card_type] => visa
    [sender_card_country] => 804
    [ip] => 178.151.152.228
    [amount] => 200
    [currency] => UAH
    [sender_commission] => 0
    [receiver_commission] => 3
    [agent_commission] => 0
    [amount_debit] => 200
    [amount_credit] => 200
    [commission_debit] => 0
    [commission_credit] => 3
    [currency_debit] => UAH
    [currency_credit] => UAH
    [sender_bonus] => 0
    [amount_bonus] => 0
    [mpi_eci] => 7
    [is_3ds] => 
    [language] => uk
    [create_date] => 1748956742739
    [end_date] => 1748956742877
    [transaction_id] => 2655503116
)
03-06-2025 13:19:03
testestestetse03-06-2025 13:19:03
20003-06-2025 13:19:03
testestestetse03-06-2025 13:20:03
 Status: success03-06-2025 13:20:03
success03-06-2025 13:20:03
 order_id: 526103-06-2025 13:20:03
 parsed_data: stdClass Object
(
    [payment_id] => 2655503116
    [action] => pay
    [status] => success
    [version] => 3
    [type] => buy
    [paytype] => card
    [public_key] => sandbox_i55978728567
    [acq_id] => 414963
    [order_id] => 5261
    [liqpay_order_id] => RFV9Y6DN1748956742735244
    [description] => Передоплата замовлення № 5261
    [sender_first_name] => еврп
    [sender_last_name] => врнвро
    [sender_card_mask2] => 424242*42
    [sender_card_bank] => Test
    [sender_card_type] => visa
    [sender_card_country] => 804
    [ip] => 178.151.152.228
    [amount] => 200
    [currency] => UAH
    [sender_commission] => 0
    [receiver_commission] => 3
    [agent_commission] => 0
    [amount_debit] => 200
    [amount_credit] => 200
    [commission_debit] => 0
    [commission_credit] => 3
    [currency_debit] => UAH
    [currency_credit] => UAH
    [sender_bonus] => 0
    [amount_bonus] => 0
    [mpi_eci] => 7
    [is_3ds] => 
    [language] => uk
    [create_date] => 1748956742739
    [end_date] => 1748956742877
    [transaction_id] => 2655503116
)
03-06-2025 13:20:03
 received_signature: 2NDVnQk3Ztr9gMaA5iN4UTGibOE=03-06-2025 13:20:03
 Status: success03-06-2025 13:20:03
success03-06-2025 13:20:03
 order_id: 526103-06-2025 13:20:03
 order_id: stdClass Object
(
    [payment_id] => 2655503116
    [action] => pay
    [status] => success
    [version] => 3
    [type] => buy
    [paytype] => card
    [public_key] => sandbox_i55978728567
    [acq_id] => 414963
    [order_id] => 5261
    [liqpay_order_id] => RFV9Y6DN1748956742735244
    [description] => Передоплата замовлення № 5261
    [sender_first_name] => еврп
    [sender_last_name] => врнвро
    [sender_card_mask2] => 424242*42
    [sender_card_bank] => Test
    [sender_card_type] => visa
    [sender_card_country] => 804
    [ip] => 178.151.152.228
    [amount] => 200
    [currency] => UAH
    [sender_commission] => 0
    [receiver_commission] => 3
    [agent_commission] => 0
    [amount_debit] => 200
    [amount_credit] => 200
    [commission_debit] => 0
    [commission_credit] => 3
    [currency_debit] => UAH
    [currency_credit] => UAH
    [sender_bonus] => 0
    [amount_bonus] => 0
    [mpi_eci] => 7
    [is_3ds] => 
    [language] => uk
    [create_date] => 1748956742739
    [end_date] => 1748956742877
    [transaction_id] => 2655503116
)
03-06-2025 13:20:45
 Status: success03-06-2025 13:20:45
success03-06-2025 13:20:45
 order_id: 526103-06-2025 13:20:45
 parsed_data: stdClass Object
(
    [payment_id] => 2655503116
    [action] => pay
    [status] => success
    [version] => 3
    [type] => buy
    [paytype] => card
    [public_key] => sandbox_i55978728567
    [acq_id] => 414963
    [order_id] => 5261
    [liqpay_order_id] => RFV9Y6DN1748956742735244
    [description] => Передоплата замовлення № 5261
    [sender_first_name] => еврп
    [sender_last_name] => врнвро
    [sender_card_mask2] => 424242*42
    [sender_card_bank] => Test
    [sender_card_type] => visa
    [sender_card_country] => 804
    [ip] => 178.151.152.228
    [amount] => 200
    [currency] => UAH
    [sender_commission] => 0
    [receiver_commission] => 3
    [agent_commission] => 0
    [amount_debit] => 200
    [amount_credit] => 200
    [commission_debit] => 0
    [commission_credit] => 3
    [currency_debit] => UAH
    [currency_credit] => UAH
    [sender_bonus] => 0
    [amount_bonus] => 0
    [mpi_eci] => 7
    [is_3ds] => 
    [language] => uk
    [create_date] => 1748956742739
    [end_date] => 1748956742877
    [transaction_id] => 2655503116
)
03-06-2025 13:20:45
 received_signature: 2NDVnQk3Ztr9gMaA5iN4UTGibOE=03-06-2025 13:20:45
 Status: success03-06-2025 13:20:45
success03-06-2025 13:20:45
 order_id: 526103-06-2025 13:20:45
 order_id: stdClass Object
(
    [payment_id] => 2655503116
    [action] => pay
    [status] => success
    [version] => 3
    [type] => buy
    [paytype] => card
    [public_key] => sandbox_i55978728567
    [acq_id] => 414963
    [order_id] => 5261
    [liqpay_order_id] => RFV9Y6DN1748956742735244
    [description] => Передоплата замовлення № 5261
    [sender_first_name] => еврп
    [sender_last_name] => врнвро
    [sender_card_mask2] => 424242*42
    [sender_card_bank] => Test
    [sender_card_type] => visa
    [sender_card_country] => 804
    [ip] => 178.151.152.228
    [amount] => 200
    [currency] => UAH
    [sender_commission] => 0
    [receiver_commission] => 3
    [agent_commission] => 0
    [amount_debit] => 200
    [amount_credit] => 200
    [commission_debit] => 0
    [commission_credit] => 3
    [currency_debit] => UAH
    [currency_credit] => UAH
    [sender_bonus] => 0
    [amount_bonus] => 0
    [mpi_eci] => 7
    [is_3ds] => 
    [language] => uk
    [create_date] => 1748956742739
    [end_date] => 1748956742877
    [transaction_id] => 2655503116
)
03-06-2025 13:20:45
 Status: success03-06-2025 13:20:45
success03-06-2025 13:20:45
 order_id: 526103-06-2025 13:20:45
 parsed_data: stdClass Object
(
    [payment_id] => 2655503116
    [action] => pay
    [status] => success
    [version] => 3
    [type] => buy
    [paytype] => card
    [public_key] => sandbox_i55978728567
    [acq_id] => 414963
    [order_id] => 5261
    [liqpay_order_id] => RFV9Y6DN1748956742735244
    [description] => Передоплата замовлення № 5261
    [sender_first_name] => еврп
    [sender_last_name] => врнвро
    [sender_card_mask2] => 424242*42
    [sender_card_bank] => Test
    [sender_card_type] => visa
    [sender_card_country] => 804
    [ip] => 178.151.152.228
    [amount] => 200
    [currency] => UAH
    [sender_commission] => 0
    [receiver_commission] => 3
    [agent_commission] => 0
    [amount_debit] => 200
    [amount_credit] => 200
    [commission_debit] => 0
    [commission_credit] => 3
    [currency_debit] => UAH
    [currency_credit] => UAH
    [sender_bonus] => 0
    [amount_bonus] => 0
    [mpi_eci] => 7
    [is_3ds] => 
    [language] => uk
    [create_date] => 1748956742739
    [end_date] => 1748956742877
    [transaction_id] => 2655503116
)
03-06-2025 13:20:45
 received_signature: 2NDVnQk3Ztr9gMaA5iN4UTGibOE=03-06-2025 13:20:45
 Status: success03-06-2025 13:20:45
success03-06-2025 13:20:45
 order_id: 526103-06-2025 13:20:45
 order_id: stdClass Object
(
    [payment_id] => 2655503116
    [action] => pay
    [status] => success
    [version] => 3
    [type] => buy
    [paytype] => card
    [public_key] => sandbox_i55978728567
    [acq_id] => 414963
    [order_id] => 5261
    [liqpay_order_id] => RFV9Y6DN1748956742735244
    [description] => Передоплата замовлення № 5261
    [sender_first_name] => еврп
    [sender_last_name] => врнвро
    [sender_card_mask2] => 424242*42
    [sender_card_bank] => Test
    [sender_card_type] => visa
    [sender_card_country] => 804
    [ip] => 178.151.152.228
    [amount] => 200
    [currency] => UAH
    [sender_commission] => 0
    [receiver_commission] => 3
    [agent_commission] => 0
    [amount_debit] => 200
    [amount_credit] => 200
    [commission_debit] => 0
    [commission_credit] => 3
    [currency_debit] => UAH
    [currency_credit] => UAH
    [sender_bonus] => 0
    [amount_bonus] => 0
    [mpi_eci] => 7
    [is_3ds] => 
    [language] => uk
    [create_date] => 1748956742739
    [end_date] => 1748956742877
    [transaction_id] => 2655503116
)
03-06-2025 13:27:34
 Status: success03-06-2025 13:27:34
success03-06-2025 13:27:34
 order_id: 526203-06-2025 13:27:34
 order_id: stdClass Object
(
    [payment_id] => 2655507300
    [action] => pay
    [status] => success
    [version] => 3
    [type] => buy
    [paytype] => card
    [public_key] => sandbox_i55978728567
    [acq_id] => 414963
    [order_id] => 5262
    [liqpay_order_id] => AFUAYGMX1748957253751428
    [description] => Передоплата замовлення № 5262
    [sender_first_name] => впрпр
    [sender_last_name] => врав
    [sender_card_mask2] => 424242*42
    [sender_card_bank] => Test
    [sender_card_type] => visa
    [sender_card_country] => 804
    [ip] => 178.151.152.228
    [amount] => 200
    [currency] => UAH
    [sender_commission] => 0
    [receiver_commission] => 3
    [agent_commission] => 0
    [amount_debit] => 200
    [amount_credit] => 200
    [commission_debit] => 0
    [commission_credit] => 3
    [currency_debit] => UAH
    [currency_credit] => UAH
    [sender_bonus] => 0
    [amount_bonus] => 0
    [mpi_eci] => 7
    [is_3ds] => 
    [language] => uk
    [create_date] => 1748957253754
    [end_date] => 1748957253860
    [transaction_id] => 2655507300
)
03-06-2025 13:27:34
testestestetse03-06-2025 13:27:34
20003-06-2025 13:27:34
testestestetse03-06-2025 13:28:35
 Status: success03-06-2025 13:28:35
success03-06-2025 13:28:35
 order_id: 526203-06-2025 13:28:35
 order_id: stdClass Object
(
    [payment_id] => 2655507300
    [action] => pay
    [status] => success
    [version] => 3
    [type] => buy
    [paytype] => card
    [public_key] => sandbox_i55978728567
    [acq_id] => 414963
    [order_id] => 5262
    [liqpay_order_id] => AFUAYGMX1748957253751428
    [description] => Передоплата замовлення № 5262
    [sender_first_name] => впрпр
    [sender_last_name] => врав
    [sender_card_mask2] => 424242*42
    [sender_card_bank] => Test
    [sender_card_type] => visa
    [sender_card_country] => 804
    [ip] => 178.151.152.228
    [amount] => 200
    [currency] => UAH
    [sender_commission] => 0
    [receiver_commission] => 3
    [agent_commission] => 0
    [amount_debit] => 200
    [amount_credit] => 200
    [commission_debit] => 0
    [commission_credit] => 3
    [currency_debit] => UAH
    [currency_credit] => UAH
    [sender_bonus] => 0
    [amount_bonus] => 0
    [mpi_eci] => 7
    [is_3ds] => 
    [language] => uk
    [create_date] => 1748957253754
    [end_date] => 1748957253860
    [transaction_id] => 2655507300
)
03-06-2025 13:29:14
 Status: success03-06-2025 13:29:14
success03-06-2025 13:29:14
 order_id: 526203-06-2025 13:29:14
 order_id: stdClass Object
(
    [payment_id] => 2655507300
    [action] => pay
    [status] => success
    [version] => 3
    [type] => buy
    [paytype] => card
    [public_key] => sandbox_i55978728567
    [acq_id] => 414963
    [order_id] => 5262
    [liqpay_order_id] => AFUAYGMX1748957253751428
    [description] => Передоплата замовлення № 5262
    [sender_first_name] => впрпр
    [sender_last_name] => врав
    [sender_card_mask2] => 424242*42
    [sender_card_bank] => Test
    [sender_card_type] => visa
    [sender_card_country] => 804
    [ip] => 178.151.152.228
    [amount] => 200
    [currency] => UAH
    [sender_commission] => 0
    [receiver_commission] => 3
    [agent_commission] => 0
    [amount_debit] => 200
    [amount_credit] => 200
    [commission_debit] => 0
    [commission_credit] => 3
    [currency_debit] => UAH
    [currency_credit] => UAH
    [sender_bonus] => 0
    [amount_bonus] => 0
    [mpi_eci] => 7
    [is_3ds] => 
    [language] => uk
    [create_date] => 1748957253754
    [end_date] => 1748957253860
    [transaction_id] => 2655507300
)
03-06-2025 13:29:14
 Status: success03-06-2025 13:29:14
success03-06-2025 13:29:14
 order_id: 526203-06-2025 13:29:14
 order_id: stdClass Object
(
    [payment_id] => 2655507300
    [action] => pay
    [status] => success
    [version] => 3
    [type] => buy
    [paytype] => card
    [public_key] => sandbox_i55978728567
    [acq_id] => 414963
    [order_id] => 5262
    [liqpay_order_id] => AFUAYGMX1748957253751428
    [description] => Передоплата замовлення № 5262
    [sender_first_name] => впрпр
    [sender_last_name] => врав
    [sender_card_mask2] => 424242*42
    [sender_card_bank] => Test
    [sender_card_type] => visa
    [sender_card_country] => 804
    [ip] => 178.151.152.228
    [amount] => 200
    [currency] => UAH
    [sender_commission] => 0
    [receiver_commission] => 3
    [agent_commission] => 0
    [amount_debit] => 200
    [amount_credit] => 200
    [commission_debit] => 0
    [commission_credit] => 3
    [currency_debit] => UAH
    [currency_credit] => UAH
    [sender_bonus] => 0
    [amount_bonus] => 0
    [mpi_eci] => 7
    [is_3ds] => 
    [language] => uk
    [create_date] => 1748957253754
    [end_date] => 1748957253860
    [transaction_id] => 2655507300
)
03-06-2025 13:30:10
 Status: success03-06-2025 13:30:10
success03-06-2025 13:30:10
 order_id: 526303-06-2025 13:30:10
 order_id: stdClass Object
(
    [payment_id] => 2655508621
    [action] => pay
    [status] => success
    [version] => 3
    [type] => buy
    [paytype] => card
    [public_key] => sandbox_i55978728567
    [acq_id] => 414963
    [order_id] => 5263
    [liqpay_order_id] => QFF2GGN61748957409478852
    [description] => Payment for order № 5263
    [sender_first_name] => ов
    [sender_last_name] => гк
    [sender_card_mask2] => 424242*42
    [sender_card_bank] => Test
    [sender_card_type] => visa
    [sender_card_country] => 804
    [ip] => 178.151.152.228
    [amount] => 24
    [currency] => UAH
    [sender_commission] => 0
    [receiver_commission] => 0.36
    [agent_commission] => 0
    [amount_debit] => 24
    [amount_credit] => 24
    [commission_debit] => 0
    [commission_credit] => 0.36
    [currency_debit] => UAH
    [currency_credit] => UAH
    [sender_bonus] => 0
    [amount_bonus] => 0
    [mpi_eci] => 7
    [is_3ds] => 
    [language] => uk
    [create_date] => 1748957409481
    [end_date] => 1748957409645
    [transaction_id] => 2655508621
)
03-06-2025 13:30:10
testestestetse03-06-2025 13:30:10
2403-06-2025 13:30:10
testestestetse03-06-2025 13:31:10
 Status: success03-06-2025 13:31:10
success03-06-2025 13:31:10
 order_id: 526303-06-2025 13:31:10
 order_id: stdClass Object
(
    [payment_id] => 2655508621
    [action] => pay
    [status] => success
    [version] => 3
    [type] => buy
    [paytype] => card
    [public_key] => sandbox_i55978728567
    [acq_id] => 414963
    [order_id] => 5263
    [liqpay_order_id] => QFF2GGN61748957409478852
    [description] => Payment for order № 5263
    [sender_first_name] => ов
    [sender_last_name] => гк
    [sender_card_mask2] => 424242*42
    [sender_card_bank] => Test
    [sender_card_type] => visa
    [sender_card_country] => 804
    [ip] => 178.151.152.228
    [amount] => 24
    [currency] => UAH
    [sender_commission] => 0
    [receiver_commission] => 0.36
    [agent_commission] => 0
    [amount_debit] => 24
    [amount_credit] => 24
    [commission_debit] => 0
    [commission_credit] => 0.36
    [currency_debit] => UAH
    [currency_credit] => UAH
    [sender_bonus] => 0
    [amount_bonus] => 0
    [mpi_eci] => 7
    [is_3ds] => 
    [language] => uk
    [create_date] => 1748957409481
    [end_date] => 1748957409645
    [transaction_id] => 2655508621
)
03-06-2025 13:31:52
 Status: success03-06-2025 13:31:52
success03-06-2025 13:31:52
 order_id: 526303-06-2025 13:31:52
 order_id: stdClass Object
(
    [payment_id] => 2655508621
    [action] => pay
    [status] => success
    [version] => 3
    [type] => buy
    [paytype] => card
    [public_key] => sandbox_i55978728567
    [acq_id] => 414963
    [order_id] => 5263
    [liqpay_order_id] => QFF2GGN61748957409478852
    [description] => Payment for order № 5263
    [sender_first_name] => ов
    [sender_last_name] => гк
    [sender_card_mask2] => 424242*42
    [sender_card_bank] => Test
    [sender_card_type] => visa
    [sender_card_country] => 804
    [ip] => 178.151.152.228
    [amount] => 24
    [currency] => UAH
    [sender_commission] => 0
    [receiver_commission] => 0.36
    [agent_commission] => 0
    [amount_debit] => 24
    [amount_credit] => 24
    [commission_debit] => 0
    [commission_credit] => 0.36
    [currency_debit] => UAH
    [currency_credit] => UAH
    [sender_bonus] => 0
    [amount_bonus] => 0
    [mpi_eci] => 7
    [is_3ds] => 
    [language] => uk
    [create_date] => 1748957409481
    [end_date] => 1748957409645
    [transaction_id] => 2655508621
)
03-06-2025 13:31:52
 Status: success03-06-2025 13:31:52
success03-06-2025 13:31:52
 order_id: 526303-06-2025 13:31:52
 order_id: stdClass Object
(
    [payment_id] => 2655508621
    [action] => pay
    [status] => success
    [version] => 3
    [type] => buy
    [paytype] => card
    [public_key] => sandbox_i55978728567
    [acq_id] => 414963
    [order_id] => 5263
    [liqpay_order_id] => QFF2GGN61748957409478852
    [description] => Payment for order № 5263
    [sender_first_name] => ов
    [sender_last_name] => гк
    [sender_card_mask2] => 424242*42
    [sender_card_bank] => Test
    [sender_card_type] => visa
    [sender_card_country] => 804
    [ip] => 178.151.152.228
    [amount] => 24
    [currency] => UAH
    [sender_commission] => 0
    [receiver_commission] => 0.36
    [agent_commission] => 0
    [amount_debit] => 24
    [amount_credit] => 24
    [commission_debit] => 0
    [commission_credit] => 0.36
    [currency_debit] => UAH
    [currency_credit] => UAH
    [sender_bonus] => 0
    [amount_bonus] => 0
    [mpi_eci] => 7
    [is_3ds] => 
    [language] => uk
    [create_date] => 1748957409481
    [end_date] => 1748957409645
    [transaction_id] => 2655508621
)
03-06-2025 13:38:14
 Status: success03-06-2025 13:38:14
success03-06-2025 13:38:14
 order_id: 526403-06-2025 13:38:14
 order_id: stdClass Object
(
    [payment_id] => 2655512659
    [action] => pay
    [status] => success
    [version] => 3
    [type] => buy
    [paytype] => card
    [public_key] => sandbox_i55978728567
    [acq_id] => 414963
    [order_id] => 5264
    [liqpay_order_id] => H7R9UYNV1748957893680507
    [description] => Payment for order № 5264
    [sender_first_name] => лрлврп
    [sender_last_name] => ардыар
    [sender_card_mask2] => 424242*42
    [sender_card_bank] => Test
    [sender_card_type] => visa
    [sender_card_country] => 804
    [ip] => 178.151.152.228
    [amount] => 360
    [currency] => UAH
    [sender_commission] => 0
    [receiver_commission] => 5.4
    [agent_commission] => 0
    [amount_debit] => 360
    [amount_credit] => 360
    [commission_debit] => 0
    [commission_credit] => 5.4
    [currency_debit] => UAH
    [currency_credit] => UAH
    [sender_bonus] => 0
    [amount_bonus] => 0
    [mpi_eci] => 7
    [is_3ds] => 
    [language] => uk
    [create_date] => 1748957893683
    [end_date] => 1748957893817
    [transaction_id] => 2655512659
)
03-06-2025 13:38:14
testestestetse03-06-2025 13:38:14
36003-06-2025 13:38:14
testestestetse03-06-2025 13:39:14
 Status: success03-06-2025 13:39:14
success03-06-2025 13:39:14
 order_id: 526403-06-2025 13:39:14
 order_id: stdClass Object
(
    [payment_id] => 2655512659
    [action] => pay
    [status] => success
    [version] => 3
    [type] => buy
    [paytype] => card
    [public_key] => sandbox_i55978728567
    [acq_id] => 414963
    [order_id] => 5264
    [liqpay_order_id] => H7R9UYNV1748957893680507
    [description] => Payment for order № 5264
    [sender_first_name] => лрлврп
    [sender_last_name] => ардыар
    [sender_card_mask2] => 424242*42
    [sender_card_bank] => Test
    [sender_card_type] => visa
    [sender_card_country] => 804
    [ip] => 178.151.152.228
    [amount] => 360
    [currency] => UAH
    [sender_commission] => 0
    [receiver_commission] => 5.4
    [agent_commission] => 0
    [amount_debit] => 360
    [amount_credit] => 360
    [commission_debit] => 0
    [commission_credit] => 5.4
    [currency_debit] => UAH
    [currency_credit] => UAH
    [sender_bonus] => 0
    [amount_bonus] => 0
    [mpi_eci] => 7
    [is_3ds] => 
    [language] => uk
    [create_date] => 1748957893683
    [end_date] => 1748957893817
    [transaction_id] => 2655512659
)
03-06-2025 13:39:54
 Status: success03-06-2025 13:39:54
success03-06-2025 13:39:54
 order_id: 526403-06-2025 13:39:54
 order_id: stdClass Object
(
    [payment_id] => 2655512659
    [action] => pay
    [status] => success
    [version] => 3
    [type] => buy
    [paytype] => card
    [public_key] => sandbox_i55978728567
    [acq_id] => 414963
    [order_id] => 5264
    [liqpay_order_id] => H7R9UYNV1748957893680507
    [description] => Payment for order № 5264
    [sender_first_name] => лрлврп
    [sender_last_name] => ардыар
    [sender_card_mask2] => 424242*42
    [sender_card_bank] => Test
    [sender_card_type] => visa
    [sender_card_country] => 804
    [ip] => 178.151.152.228
    [amount] => 360
    [currency] => UAH
    [sender_commission] => 0
    [receiver_commission] => 5.4
    [agent_commission] => 0
    [amount_debit] => 360
    [amount_credit] => 360
    [commission_debit] => 0
    [commission_credit] => 5.4
    [currency_debit] => UAH
    [currency_credit] => UAH
    [sender_bonus] => 0
    [amount_bonus] => 0
    [mpi_eci] => 7
    [is_3ds] => 
    [language] => uk
    [create_date] => 1748957893683
    [end_date] => 1748957893817
    [transaction_id] => 2655512659
)
03-06-2025 13:39:54
 Status: success03-06-2025 13:39:54
success03-06-2025 13:39:54
 order_id: 526403-06-2025 13:39:54
 order_id: stdClass Object
(
    [payment_id] => 2655512659
    [action] => pay
    [status] => success
    [version] => 3
    [type] => buy
    [paytype] => card
    [public_key] => sandbox_i55978728567
    [acq_id] => 414963
    [order_id] => 5264
    [liqpay_order_id] => H7R9UYNV1748957893680507
    [description] => Payment for order № 5264
    [sender_first_name] => лрлврп
    [sender_last_name] => ардыар
    [sender_card_mask2] => 424242*42
    [sender_card_bank] => Test
    [sender_card_type] => visa
    [sender_card_country] => 804
    [ip] => 178.151.152.228
    [amount] => 360
    [currency] => UAH
    [sender_commission] => 0
    [receiver_commission] => 5.4
    [agent_commission] => 0
    [amount_debit] => 360
    [amount_credit] => 360
    [commission_debit] => 0
    [commission_credit] => 5.4
    [currency_debit] => UAH
    [currency_credit] => UAH
    [sender_bonus] => 0
    [amount_bonus] => 0
    [mpi_eci] => 7
    [is_3ds] => 
    [language] => uk
    [create_date] => 1748957893683
    [end_date] => 1748957893817
    [transaction_id] => 2655512659
)
04-06-2025 09:45:09
 Status: success04-06-2025 09:45:09
success04-06-2025 09:45:09
 order_id: 526504-06-2025 09:45:09
 order_id: stdClass Object
(
    [payment_id] => 2655868682
    [action] => pay
    [status] => success
    [version] => 3
    [type] => buy
    [paytype] => card
    [public_key] => sandbox_i55978728567
    [acq_id] => 414963
    [order_id] => 5265
    [liqpay_order_id] => VTXZ9CJJ1749030308901229
    [description] => Передоплата замовлення № 5265
    [sender_first_name] => Maria
    [sender_last_name] => Maria
    [sender_card_mask2] => 424242*42
    [sender_card_bank] => Test
    [sender_card_type] => visa
    [sender_card_country] => 804
    [ip] => 159.224.12.212
    [amount] => 200
    [currency] => UAH
    [sender_commission] => 0
    [receiver_commission] => 3
    [agent_commission] => 0
    [amount_debit] => 200
    [amount_credit] => 200
    [commission_debit] => 0
    [commission_credit] => 3
    [currency_debit] => UAH
    [currency_credit] => UAH
    [sender_bonus] => 0
    [amount_bonus] => 0
    [mpi_eci] => 7
    [is_3ds] => 
    [language] => uk
    [create_date] => 1749030308903
    [end_date] => 1749030308999
    [transaction_id] => 2655868682
)
04-06-2025 09:45:09
testestestetse04-06-2025 09:45:09
20004-06-2025 09:45:09
testestestetse04-06-2025 09:46:10
 Status: success04-06-2025 09:46:10
success04-06-2025 09:46:10
 order_id: 526504-06-2025 09:46:10
 order_id: stdClass Object
(
    [payment_id] => 2655868682
    [action] => pay
    [status] => success
    [version] => 3
    [type] => buy
    [paytype] => card
    [public_key] => sandbox_i55978728567
    [acq_id] => 414963
    [order_id] => 5265
    [liqpay_order_id] => VTXZ9CJJ1749030308901229
    [description] => Передоплата замовлення № 5265
    [sender_first_name] => Maria
    [sender_last_name] => Maria
    [sender_card_mask2] => 424242*42
    [sender_card_bank] => Test
    [sender_card_type] => visa
    [sender_card_country] => 804
    [ip] => 159.224.12.212
    [amount] => 200
    [currency] => UAH
    [sender_commission] => 0
    [receiver_commission] => 3
    [agent_commission] => 0
    [amount_debit] => 200
    [amount_credit] => 200
    [commission_debit] => 0
    [commission_credit] => 3
    [currency_debit] => UAH
    [currency_credit] => UAH
    [sender_bonus] => 0
    [amount_bonus] => 0
    [mpi_eci] => 7
    [is_3ds] => 
    [language] => uk
    [create_date] => 1749030308903
    [end_date] => 1749030308999
    [transaction_id] => 2655868682
)
04-06-2025 09:46:50
 Status: success04-06-2025 09:46:50
success04-06-2025 09:46:50
 order_id: 526504-06-2025 09:46:50
 order_id: stdClass Object
(
    [payment_id] => 2655868682
    [action] => pay
    [status] => success
    [version] => 3
    [type] => buy
    [paytype] => card
    [public_key] => sandbox_i55978728567
    [acq_id] => 414963
    [order_id] => 5265
    [liqpay_order_id] => VTXZ9CJJ1749030308901229
    [description] => Передоплата замовлення № 5265
    [sender_first_name] => Maria
    [sender_last_name] => Maria
    [sender_card_mask2] => 424242*42
    [sender_card_bank] => Test
    [sender_card_type] => visa
    [sender_card_country] => 804
    [ip] => 159.224.12.212
    [amount] => 200
    [currency] => UAH
    [sender_commission] => 0
    [receiver_commission] => 3
    [agent_commission] => 0
    [amount_debit] => 200
    [amount_credit] => 200
    [commission_debit] => 0
    [commission_credit] => 3
    [currency_debit] => UAH
    [currency_credit] => UAH
    [sender_bonus] => 0
    [amount_bonus] => 0
    [mpi_eci] => 7
    [is_3ds] => 
    [language] => uk
    [create_date] => 1749030308903
    [end_date] => 1749030308999
    [transaction_id] => 2655868682
)
04-06-2025 09:46:50
 Status: success04-06-2025 09:46:50
success04-06-2025 09:46:50
 order_id: 526504-06-2025 09:46:50
 order_id: stdClass Object
(
    [payment_id] => 2655868682
    [action] => pay
    [status] => success
    [version] => 3
    [type] => buy
    [paytype] => card
    [public_key] => sandbox_i55978728567
    [acq_id] => 414963
    [order_id] => 5265
    [liqpay_order_id] => VTXZ9CJJ1749030308901229
    [description] => Передоплата замовлення № 5265
    [sender_first_name] => Maria
    [sender_last_name] => Maria
    [sender_card_mask2] => 424242*42
    [sender_card_bank] => Test
    [sender_card_type] => visa
    [sender_card_country] => 804
    [ip] => 159.224.12.212
    [amount] => 200
    [currency] => UAH
    [sender_commission] => 0
    [receiver_commission] => 3
    [agent_commission] => 0
    [amount_debit] => 200
    [amount_credit] => 200
    [commission_debit] => 0
    [commission_credit] => 3
    [currency_debit] => UAH
    [currency_credit] => UAH
    [sender_bonus] => 0
    [amount_bonus] => 0
    [mpi_eci] => 7
    [is_3ds] => 
    [language] => uk
    [create_date] => 1749030308903
    [end_date] => 1749030308999
    [transaction_id] => 2655868682
)
04-06-2025 10:07:21
 Status: success04-06-2025 10:07:21
success04-06-2025 10:07:21
 order_id: 526604-06-2025 10:07:21
 order_id: stdClass Object
(
    [payment_id] => 2655880830
    [action] => pay
    [status] => success
    [version] => 3
    [type] => buy
    [paytype] => card
    [public_key] => sandbox_i55978728567
    [acq_id] => 414963
    [order_id] => 5266
    [liqpay_order_id] => LUGICD1T1749031640649136
    [description] => Payment for order № 5266
    [sender_first_name] => MNn
    [sender_last_name] => NBk
    [sender_card_mask2] => 424242*42
    [sender_card_bank] => Test
    [sender_card_type] => visa
    [sender_card_country] => 804
    [ip] => 159.224.12.212
    [amount] => 28
    [currency] => UAH
    [sender_commission] => 0
    [receiver_commission] => 0.42
    [agent_commission] => 0
    [amount_debit] => 28
    [amount_credit] => 28
    [commission_debit] => 0
    [commission_credit] => 0.42
    [currency_debit] => UAH
    [currency_credit] => UAH
    [sender_bonus] => 0
    [amount_bonus] => 0
    [mpi_eci] => 7
    [is_3ds] => 
    [language] => uk
    [create_date] => 1749031640651
    [end_date] => 1749031640943
    [transaction_id] => 2655880830
)
04-06-2025 10:07:21
testestestetse04-06-2025 10:07:21
2804-06-2025 10:07:21
testestestetse04-06-2025 10:08:21
 Status: success04-06-2025 10:08:21
success04-06-2025 10:08:21
 order_id: 526604-06-2025 10:08:21
 order_id: stdClass Object
(
    [payment_id] => 2655880830
    [action] => pay
    [status] => success
    [version] => 3
    [type] => buy
    [paytype] => card
    [public_key] => sandbox_i55978728567
    [acq_id] => 414963
    [order_id] => 5266
    [liqpay_order_id] => LUGICD1T1749031640649136
    [description] => Payment for order № 5266
    [sender_first_name] => MNn
    [sender_last_name] => NBk
    [sender_card_mask2] => 424242*42
    [sender_card_bank] => Test
    [sender_card_type] => visa
    [sender_card_country] => 804
    [ip] => 159.224.12.212
    [amount] => 28
    [currency] => UAH
    [sender_commission] => 0
    [receiver_commission] => 0.42
    [agent_commission] => 0
    [amount_debit] => 28
    [amount_credit] => 28
    [commission_debit] => 0
    [commission_credit] => 0.42
    [currency_debit] => UAH
    [currency_credit] => UAH
    [sender_bonus] => 0
    [amount_bonus] => 0
    [mpi_eci] => 7
    [is_3ds] => 
    [language] => uk
    [create_date] => 1749031640651
    [end_date] => 1749031640943
    [transaction_id] => 2655880830
)
04-06-2025 10:09:10
 Status: success04-06-2025 10:09:10
success04-06-2025 10:09:10
 order_id: 526604-06-2025 10:09:10
 order_id: stdClass Object
(
    [payment_id] => 2655880830
    [action] => pay
    [status] => success
    [version] => 3
    [type] => buy
    [paytype] => card
    [public_key] => sandbox_i55978728567
    [acq_id] => 414963
    [order_id] => 5266
    [liqpay_order_id] => LUGICD1T1749031640649136
    [description] => Payment for order № 5266
    [sender_first_name] => MNn
    [sender_last_name] => NBk
    [sender_card_mask2] => 424242*42
    [sender_card_bank] => Test
    [sender_card_type] => visa
    [sender_card_country] => 804
    [ip] => 159.224.12.212
    [amount] => 28
    [currency] => UAH
    [sender_commission] => 0
    [receiver_commission] => 0.42
    [agent_commission] => 0
    [amount_debit] => 28
    [amount_credit] => 28
    [commission_debit] => 0
    [commission_credit] => 0.42
    [currency_debit] => UAH
    [currency_credit] => UAH
    [sender_bonus] => 0
    [amount_bonus] => 0
    [mpi_eci] => 7
    [is_3ds] => 
    [language] => uk
    [create_date] => 1749031640651
    [end_date] => 1749031640943
    [transaction_id] => 2655880830
)
04-06-2025 10:09:10
 Status: success04-06-2025 10:09:10
success04-06-2025 10:09:10
 order_id: 526604-06-2025 10:09:10
 order_id: stdClass Object
(
    [payment_id] => 2655880830
    [action] => pay
    [status] => success
    [version] => 3
    [type] => buy
    [paytype] => card
    [public_key] => sandbox_i55978728567
    [acq_id] => 414963
    [order_id] => 5266
    [liqpay_order_id] => LUGICD1T1749031640649136
    [description] => Payment for order № 5266
    [sender_first_name] => MNn
    [sender_last_name] => NBk
    [sender_card_mask2] => 424242*42
    [sender_card_bank] => Test
    [sender_card_type] => visa
    [sender_card_country] => 804
    [ip] => 159.224.12.212
    [amount] => 28
    [currency] => UAH
    [sender_commission] => 0
    [receiver_commission] => 0.42
    [agent_commission] => 0
    [amount_debit] => 28
    [amount_credit] => 28
    [commission_debit] => 0
    [commission_credit] => 0.42
    [currency_debit] => UAH
    [currency_credit] => UAH
    [sender_bonus] => 0
    [amount_bonus] => 0
    [mpi_eci] => 7
    [is_3ds] => 
    [language] => uk
    [create_date] => 1749031640651
    [end_date] => 1749031640943
    [transaction_id] => 2655880830
)
04-06-2025 12:38:08
 Status: success04-06-2025 12:38:08
success04-06-2025 12:38:08
 order_id: 526704-06-2025 12:38:08
 order_id: stdClass Object
(
    [payment_id] => 2655965660
    [action] => pay
    [status] => success
    [version] => 3
    [type] => buy
    [paytype] => card
    [public_key] => sandbox_i55978728567
    [acq_id] => 414963
    [order_id] => 5267
    [liqpay_order_id] => 1PGQ8TOS1749040688437897
    [description] => Payment for order № 5267
    [sender_first_name] => ЕАА
    [sender_last_name] => КА
    [sender_card_mask2] => 424242*42
    [sender_card_bank] => Test
    [sender_card_type] => visa
    [sender_card_country] => 804
    [ip] => 178.151.152.228
    [amount] => 360
    [currency] => UAH
    [sender_commission] => 0
    [receiver_commission] => 5.4
    [agent_commission] => 0
    [amount_debit] => 360
    [amount_credit] => 360
    [commission_debit] => 0
    [commission_credit] => 5.4
    [currency_debit] => UAH
    [currency_credit] => UAH
    [sender_bonus] => 0
    [amount_bonus] => 0
    [mpi_eci] => 7
    [is_3ds] => 
    [language] => uk
    [create_date] => 1749040688441
    [end_date] => 1749040688543
    [transaction_id] => 2655965660
)
04-06-2025 12:38:09
testestestetse04-06-2025 12:38:09
36004-06-2025 12:38:09
testestestetse04-06-2025 12:39:09
 Status: success04-06-2025 12:39:09
success04-06-2025 12:39:09
 order_id: 526704-06-2025 12:39:09
 order_id: stdClass Object
(
    [payment_id] => 2655965660
    [action] => pay
    [status] => success
    [version] => 3
    [type] => buy
    [paytype] => card
    [public_key] => sandbox_i55978728567
    [acq_id] => 414963
    [order_id] => 5267
    [liqpay_order_id] => 1PGQ8TOS1749040688437897
    [description] => Payment for order № 5267
    [sender_first_name] => ЕАА
    [sender_last_name] => КА
    [sender_card_mask2] => 424242*42
    [sender_card_bank] => Test
    [sender_card_type] => visa
    [sender_card_country] => 804
    [ip] => 178.151.152.228
    [amount] => 360
    [currency] => UAH
    [sender_commission] => 0
    [receiver_commission] => 5.4
    [agent_commission] => 0
    [amount_debit] => 360
    [amount_credit] => 360
    [commission_debit] => 0
    [commission_credit] => 5.4
    [currency_debit] => UAH
    [currency_credit] => UAH
    [sender_bonus] => 0
    [amount_bonus] => 0
    [mpi_eci] => 7
    [is_3ds] => 
    [language] => uk
    [create_date] => 1749040688441
    [end_date] => 1749040688543
    [transaction_id] => 2655965660
)
04-06-2025 12:39:50
 Status: success04-06-2025 12:39:50
success04-06-2025 12:39:50
 order_id: 526704-06-2025 12:39:50
 order_id: stdClass Object
(
    [payment_id] => 2655965660
    [action] => pay
    [status] => success
    [version] => 3
    [type] => buy
    [paytype] => card
    [public_key] => sandbox_i55978728567
    [acq_id] => 414963
    [order_id] => 5267
    [liqpay_order_id] => 1PGQ8TOS1749040688437897
    [description] => Payment for order № 5267
    [sender_first_name] => ЕАА
    [sender_last_name] => КА
    [sender_card_mask2] => 424242*42
    [sender_card_bank] => Test
    [sender_card_type] => visa
    [sender_card_country] => 804
    [ip] => 178.151.152.228
    [amount] => 360
    [currency] => UAH
    [sender_commission] => 0
    [receiver_commission] => 5.4
    [agent_commission] => 0
    [amount_debit] => 360
    [amount_credit] => 360
    [commission_debit] => 0
    [commission_credit] => 5.4
    [currency_debit] => UAH
    [currency_credit] => UAH
    [sender_bonus] => 0
    [amount_bonus] => 0
    [mpi_eci] => 7
    [is_3ds] => 
    [language] => uk
    [create_date] => 1749040688441
    [end_date] => 1749040688543
    [transaction_id] => 2655965660
)
04-06-2025 12:39:50
 Status: success04-06-2025 12:39:50
success04-06-2025 12:39:50
 order_id: 526704-06-2025 12:39:50
 order_id: stdClass Object
(
    [payment_id] => 2655965660
    [action] => pay
    [status] => success
    [version] => 3
    [type] => buy
    [paytype] => card
    [public_key] => sandbox_i55978728567
    [acq_id] => 414963
    [order_id] => 5267
    [liqpay_order_id] => 1PGQ8TOS1749040688437897
    [description] => Payment for order № 5267
    [sender_first_name] => ЕАА
    [sender_last_name] => КА
    [sender_card_mask2] => 424242*42
    [sender_card_bank] => Test
    [sender_card_type] => visa
    [sender_card_country] => 804
    [ip] => 178.151.152.228
    [amount] => 360
    [currency] => UAH
    [sender_commission] => 0
    [receiver_commission] => 5.4
    [agent_commission] => 0
    [amount_debit] => 360
    [amount_credit] => 360
    [commission_debit] => 0
    [commission_credit] => 5.4
    [currency_debit] => UAH
    [currency_credit] => UAH
    [sender_bonus] => 0
    [amount_bonus] => 0
    [mpi_eci] => 7
    [is_3ds] => 
    [language] => uk
    [create_date] => 1749040688441
    [end_date] => 1749040688543
    [transaction_id] => 2655965660
)
04-06-2025 12:41:31
 Status: success04-06-2025 12:41:31
success04-06-2025 12:41:31
 order_id: 526804-06-2025 12:41:31
 order_id: stdClass Object
(
    [payment_id] => 2655967424
    [action] => pay
    [status] => success
    [version] => 3
    [type] => buy
    [paytype] => card
    [public_key] => sandbox_i55978728567
    [acq_id] => 414963
    [order_id] => 5268
    [liqpay_order_id] => T4DS6KDF1749040891361221
    [description] => Payment for order № 5268
    [sender_first_name] => ао
    [sender_last_name] => оа
    [sender_card_mask2] => 424242*42
    [sender_card_bank] => Test
    [sender_card_type] => visa
    [sender_card_country] => 804
    [ip] => 178.151.152.228
    [amount] => 24
    [currency] => UAH
    [sender_commission] => 0
    [receiver_commission] => 0.36
    [agent_commission] => 0
    [amount_debit] => 24
    [amount_credit] => 24
    [commission_debit] => 0
    [commission_credit] => 0.36
    [currency_debit] => UAH
    [currency_credit] => UAH
    [sender_bonus] => 0
    [amount_bonus] => 0
    [mpi_eci] => 7
    [is_3ds] => 
    [language] => uk
    [create_date] => 1749040891364
    [end_date] => 1749040891514
    [transaction_id] => 2655967424
)
04-06-2025 12:41:31
testestestetse04-06-2025 12:41:31
2404-06-2025 12:41:31
testestestetse04-06-2025 12:42:32
 Status: success04-06-2025 12:42:32
success04-06-2025 12:42:32
 order_id: 526804-06-2025 12:42:32
 order_id: stdClass Object
(
    [payment_id] => 2655967424
    [action] => pay
    [status] => success
    [version] => 3
    [type] => buy
    [paytype] => card
    [public_key] => sandbox_i55978728567
    [acq_id] => 414963
    [order_id] => 5268
    [liqpay_order_id] => T4DS6KDF1749040891361221
    [description] => Payment for order № 5268
    [sender_first_name] => ао
    [sender_last_name] => оа
    [sender_card_mask2] => 424242*42
    [sender_card_bank] => Test
    [sender_card_type] => visa
    [sender_card_country] => 804
    [ip] => 178.151.152.228
    [amount] => 24
    [currency] => UAH
    [sender_commission] => 0
    [receiver_commission] => 0.36
    [agent_commission] => 0
    [amount_debit] => 24
    [amount_credit] => 24
    [commission_debit] => 0
    [commission_credit] => 0.36
    [currency_debit] => UAH
    [currency_credit] => UAH
    [sender_bonus] => 0
    [amount_bonus] => 0
    [mpi_eci] => 7
    [is_3ds] => 
    [language] => uk
    [create_date] => 1749040891364
    [end_date] => 1749040891514
    [transaction_id] => 2655967424
)
04-06-2025 12:43:13
 Status: success04-06-2025 12:43:13
success04-06-2025 12:43:13
 order_id: 526804-06-2025 12:43:13
 order_id: stdClass Object
(
    [payment_id] => 2655967424
    [action] => pay
    [status] => success
    [version] => 3
    [type] => buy
    [paytype] => card
    [public_key] => sandbox_i55978728567
    [acq_id] => 414963
    [order_id] => 5268
    [liqpay_order_id] => T4DS6KDF1749040891361221
    [description] => Payment for order № 5268
    [sender_first_name] => ао
    [sender_last_name] => оа
    [sender_card_mask2] => 424242*42
    [sender_card_bank] => Test
    [sender_card_type] => visa
    [sender_card_country] => 804
    [ip] => 178.151.152.228
    [amount] => 24
    [currency] => UAH
    [sender_commission] => 0
    [receiver_commission] => 0.36
    [agent_commission] => 0
    [amount_debit] => 24
    [amount_credit] => 24
    [commission_debit] => 0
    [commission_credit] => 0.36
    [currency_debit] => UAH
    [currency_credit] => UAH
    [sender_bonus] => 0
    [amount_bonus] => 0
    [mpi_eci] => 7
    [is_3ds] => 
    [language] => uk
    [create_date] => 1749040891364
    [end_date] => 1749040891514
    [transaction_id] => 2655967424
)
04-06-2025 12:43:13
 Status: success04-06-2025 12:43:13
success04-06-2025 12:43:13
 order_id: 526804-06-2025 12:43:13
 order_id: stdClass Object
(
    [payment_id] => 2655967424
    [action] => pay
    [status] => success
    [version] => 3
    [type] => buy
    [paytype] => card
    [public_key] => sandbox_i55978728567
    [acq_id] => 414963
    [order_id] => 5268
    [liqpay_order_id] => T4DS6KDF1749040891361221
    [description] => Payment for order № 5268
    [sender_first_name] => ао
    [sender_last_name] => оа
    [sender_card_mask2] => 424242*42
    [sender_card_bank] => Test
    [sender_card_type] => visa
    [sender_card_country] => 804
    [ip] => 178.151.152.228
    [amount] => 24
    [currency] => UAH
    [sender_commission] => 0
    [receiver_commission] => 0.36
    [agent_commission] => 0
    [amount_debit] => 24
    [amount_credit] => 24
    [commission_debit] => 0
    [commission_credit] => 0.36
    [currency_debit] => UAH
    [currency_credit] => UAH
    [sender_bonus] => 0
    [amount_bonus] => 0
    [mpi_eci] => 7
    [is_3ds] => 
    [language] => uk
    [create_date] => 1749040891364
    [end_date] => 1749040891514
    [transaction_id] => 2655967424
)
04-06-2025 13:19:01
 Status: success04-06-2025 13:19:01
success04-06-2025 13:19:01
 order_id: 526904-06-2025 13:19:01
 order_id: stdClass Object
(
    [payment_id] => 2655987344
    [action] => pay
    [status] => success
    [version] => 3
    [type] => buy
    [paytype] => card
    [public_key] => sandbox_i55978728567
    [acq_id] => 414963
    [order_id] => 5269
    [liqpay_order_id] => RCVY7ECR1749043141359905
    [description] => Payment for order № 5269
    [sender_first_name] => впв
    [sender_last_name] => іе
    [sender_card_mask2] => 424242*42
    [sender_card_bank] => Test
    [sender_card_type] => visa
    [sender_card_country] => 804
    [ip] => 178.151.152.228
    [amount] => 576
    [currency] => UAH
    [sender_commission] => 0
    [receiver_commission] => 8.64
    [agent_commission] => 0
    [amount_debit] => 576
    [amount_credit] => 576
    [commission_debit] => 0
    [commission_credit] => 8.64
    [currency_debit] => UAH
    [currency_credit] => UAH
    [sender_bonus] => 0
    [amount_bonus] => 0
    [mpi_eci] => 7
    [is_3ds] => 
    [language] => uk
    [create_date] => 1749043141362
    [end_date] => 1749043141492
    [transaction_id] => 2655987344
)
04-06-2025 13:19:01
testestestetse04-06-2025 13:19:01
57604-06-2025 13:19:01
testestestetse04-06-2025 13:20:02
 Status: success04-06-2025 13:20:02
success04-06-2025 13:20:02
 order_id: 526904-06-2025 13:20:02
 order_id: stdClass Object
(
    [payment_id] => 2655987344
    [action] => pay
    [status] => success
    [version] => 3
    [type] => buy
    [paytype] => card
    [public_key] => sandbox_i55978728567
    [acq_id] => 414963
    [order_id] => 5269
    [liqpay_order_id] => RCVY7ECR1749043141359905
    [description] => Payment for order № 5269
    [sender_first_name] => впв
    [sender_last_name] => іе
    [sender_card_mask2] => 424242*42
    [sender_card_bank] => Test
    [sender_card_type] => visa
    [sender_card_country] => 804
    [ip] => 178.151.152.228
    [amount] => 576
    [currency] => UAH
    [sender_commission] => 0
    [receiver_commission] => 8.64
    [agent_commission] => 0
    [amount_debit] => 576
    [amount_credit] => 576
    [commission_debit] => 0
    [commission_credit] => 8.64
    [currency_debit] => UAH
    [currency_credit] => UAH
    [sender_bonus] => 0
    [amount_bonus] => 0
    [mpi_eci] => 7
    [is_3ds] => 
    [language] => uk
    [create_date] => 1749043141362
    [end_date] => 1749043141492
    [transaction_id] => 2655987344
)
04-06-2025 13:20:44
 Status: success04-06-2025 13:20:44
success04-06-2025 13:20:44
 order_id: 526904-06-2025 13:20:44
 order_id: stdClass Object
(
    [payment_id] => 2655987344
    [action] => pay
    [status] => success
    [version] => 3
    [type] => buy
    [paytype] => card
    [public_key] => sandbox_i55978728567
    [acq_id] => 414963
    [order_id] => 5269
    [liqpay_order_id] => RCVY7ECR1749043141359905
    [description] => Payment for order № 5269
    [sender_first_name] => впв
    [sender_last_name] => іе
    [sender_card_mask2] => 424242*42
    [sender_card_bank] => Test
    [sender_card_type] => visa
    [sender_card_country] => 804
    [ip] => 178.151.152.228
    [amount] => 576
    [currency] => UAH
    [sender_commission] => 0
    [receiver_commission] => 8.64
    [agent_commission] => 0
    [amount_debit] => 576
    [amount_credit] => 576
    [commission_debit] => 0
    [commission_credit] => 8.64
    [currency_debit] => UAH
    [currency_credit] => UAH
    [sender_bonus] => 0
    [amount_bonus] => 0
    [mpi_eci] => 7
    [is_3ds] => 
    [language] => uk
    [create_date] => 1749043141362
    [end_date] => 1749043141492
    [transaction_id] => 2655987344
)
04-06-2025 13:20:44
 Status: success04-06-2025 13:20:44
success04-06-2025 13:20:44
 order_id: 526904-06-2025 13:20:44
 order_id: stdClass Object
(
    [payment_id] => 2655987344
    [action] => pay
    [status] => success
    [version] => 3
    [type] => buy
    [paytype] => card
    [public_key] => sandbox_i55978728567
    [acq_id] => 414963
    [order_id] => 5269
    [liqpay_order_id] => RCVY7ECR1749043141359905
    [description] => Payment for order № 5269
    [sender_first_name] => впв
    [sender_last_name] => іе
    [sender_card_mask2] => 424242*42
    [sender_card_bank] => Test
    [sender_card_type] => visa
    [sender_card_country] => 804
    [ip] => 178.151.152.228
    [amount] => 576
    [currency] => UAH
    [sender_commission] => 0
    [receiver_commission] => 8.64
    [agent_commission] => 0
    [amount_debit] => 576
    [amount_credit] => 576
    [commission_debit] => 0
    [commission_credit] => 8.64
    [currency_debit] => UAH
    [currency_credit] => UAH
    [sender_bonus] => 0
    [amount_bonus] => 0
    [mpi_eci] => 7
    [is_3ds] => 
    [language] => uk
    [create_date] => 1749043141362
    [end_date] => 1749043141492
    [transaction_id] => 2655987344
)
04-06-2025 13:28:05
 Status: success04-06-2025 13:28:05
success04-06-2025 13:28:05
 order_id: 527004-06-2025 13:28:05
 order_id: stdClass Object
(
    [payment_id] => 2655992069
    [action] => pay
    [status] => success
    [version] => 3
    [type] => buy
    [paytype] => card
    [public_key] => sandbox_i55978728567
    [acq_id] => 414963
    [order_id] => 5270
    [liqpay_order_id] => HRIIUI461749043685213037
    [description] => Передоплата замовлення № 5270
    [sender_first_name] => ар
    [sender_last_name] => роп
    [sender_card_mask2] => 424242*42
    [sender_card_bank] => Test
    [sender_card_type] => visa
    [sender_card_country] => 804
    [ip] => 178.151.152.228
    [amount] => 200
    [currency] => UAH
    [sender_commission] => 0
    [receiver_commission] => 3
    [agent_commission] => 0
    [amount_debit] => 200
    [amount_credit] => 200
    [commission_debit] => 0
    [commission_credit] => 3
    [currency_debit] => UAH
    [currency_credit] => UAH
    [sender_bonus] => 0
    [amount_bonus] => 0
    [mpi_eci] => 7
    [is_3ds] => 
    [language] => uk
    [create_date] => 1749043685215
    [end_date] => 1749043685322
    [transaction_id] => 2655992069
)
04-06-2025 13:28:05
testestestetse04-06-2025 13:28:05
20004-06-2025 13:28:05
testestestetse04-06-2025 13:29:06
 Status: success04-06-2025 13:29:06
success04-06-2025 13:29:06
 order_id: 527004-06-2025 13:29:06
 order_id: stdClass Object
(
    [payment_id] => 2655992069
    [action] => pay
    [status] => success
    [version] => 3
    [type] => buy
    [paytype] => card
    [public_key] => sandbox_i55978728567
    [acq_id] => 414963
    [order_id] => 5270
    [liqpay_order_id] => HRIIUI461749043685213037
    [description] => Передоплата замовлення № 5270
    [sender_first_name] => ар
    [sender_last_name] => роп
    [sender_card_mask2] => 424242*42
    [sender_card_bank] => Test
    [sender_card_type] => visa
    [sender_card_country] => 804
    [ip] => 178.151.152.228
    [amount] => 200
    [currency] => UAH
    [sender_commission] => 0
    [receiver_commission] => 3
    [agent_commission] => 0
    [amount_debit] => 200
    [amount_credit] => 200
    [commission_debit] => 0
    [commission_credit] => 3
    [currency_debit] => UAH
    [currency_credit] => UAH
    [sender_bonus] => 0
    [amount_bonus] => 0
    [mpi_eci] => 7
    [is_3ds] => 
    [language] => uk
    [create_date] => 1749043685215
    [end_date] => 1749043685322
    [transaction_id] => 2655992069
)
04-06-2025 13:29:45
 Status: success04-06-2025 13:29:45
success04-06-2025 13:29:45
 order_id: 527004-06-2025 13:29:45
 order_id: stdClass Object
(
    [payment_id] => 2655992069
    [action] => pay
    [status] => success
    [version] => 3
    [type] => buy
    [paytype] => card
    [public_key] => sandbox_i55978728567
    [acq_id] => 414963
    [order_id] => 5270
    [liqpay_order_id] => HRIIUI461749043685213037
    [description] => Передоплата замовлення № 5270
    [sender_first_name] => ар
    [sender_last_name] => роп
    [sender_card_mask2] => 424242*42
    [sender_card_bank] => Test
    [sender_card_type] => visa
    [sender_card_country] => 804
    [ip] => 178.151.152.228
    [amount] => 200
    [currency] => UAH
    [sender_commission] => 0
    [receiver_commission] => 3
    [agent_commission] => 0
    [amount_debit] => 200
    [amount_credit] => 200
    [commission_debit] => 0
    [commission_credit] => 3
    [currency_debit] => UAH
    [currency_credit] => UAH
    [sender_bonus] => 0
    [amount_bonus] => 0
    [mpi_eci] => 7
    [is_3ds] => 
    [language] => uk
    [create_date] => 1749043685215
    [end_date] => 1749043685322
    [transaction_id] => 2655992069
)
04-06-2025 13:29:45
 Status: success04-06-2025 13:29:45
success04-06-2025 13:29:45
 order_id: 527004-06-2025 13:29:45
 order_id: stdClass Object
(
    [payment_id] => 2655992069
    [action] => pay
    [status] => success
    [version] => 3
    [type] => buy
    [paytype] => card
    [public_key] => sandbox_i55978728567
    [acq_id] => 414963
    [order_id] => 5270
    [liqpay_order_id] => HRIIUI461749043685213037
    [description] => Передоплата замовлення № 5270
    [sender_first_name] => ар
    [sender_last_name] => роп
    [sender_card_mask2] => 424242*42
    [sender_card_bank] => Test
    [sender_card_type] => visa
    [sender_card_country] => 804
    [ip] => 178.151.152.228
    [amount] => 200
    [currency] => UAH
    [sender_commission] => 0
    [receiver_commission] => 3
    [agent_commission] => 0
    [amount_debit] => 200
    [amount_credit] => 200
    [commission_debit] => 0
    [commission_credit] => 3
    [currency_debit] => UAH
    [currency_credit] => UAH
    [sender_bonus] => 0
    [amount_bonus] => 0
    [mpi_eci] => 7
    [is_3ds] => 
    [language] => uk
    [create_date] => 1749043685215
    [end_date] => 1749043685322
    [transaction_id] => 2655992069
)
04-06-2025 13:37:34
 Status: success04-06-2025 13:37:34
success04-06-2025 13:37:34
 order_id: 527104-06-2025 13:37:34
 order_id: stdClass Object
(
    [payment_id] => 2655997041
    [action] => pay
    [status] => success
    [version] => 3
    [type] => buy
    [paytype] => card
    [public_key] => sandbox_i55978728567
    [acq_id] => 414963
    [order_id] => 5271
    [liqpay_order_id] => 0WBRZAUX1749044253722437
    [description] => Payment for order № 5271
    [sender_first_name] => апа
    [sender_last_name] => іа
    [sender_card_mask2] => 424242*42
    [sender_card_bank] => Test
    [sender_card_type] => visa
    [sender_card_country] => 804
    [ip] => 178.151.152.228
    [amount] => 360
    [currency] => UAH
    [sender_commission] => 0
    [receiver_commission] => 5.4
    [agent_commission] => 0
    [amount_debit] => 360
    [amount_credit] => 360
    [commission_debit] => 0
    [commission_credit] => 5.4
    [currency_debit] => UAH
    [currency_credit] => UAH
    [sender_bonus] => 0
    [amount_bonus] => 0
    [mpi_eci] => 7
    [is_3ds] => 
    [language] => uk
    [create_date] => 1749044253725
    [end_date] => 1749044253869
    [transaction_id] => 2655997041
)
04-06-2025 13:37:34
testestestetse04-06-2025 13:37:34
36004-06-2025 13:37:34
testestestetse04-06-2025 13:38:34
 Status: success04-06-2025 13:38:34
success04-06-2025 13:38:34
 order_id: 527104-06-2025 13:38:34
 order_id: stdClass Object
(
    [payment_id] => 2655997041
    [action] => pay
    [status] => success
    [version] => 3
    [type] => buy
    [paytype] => card
    [public_key] => sandbox_i55978728567
    [acq_id] => 414963
    [order_id] => 5271
    [liqpay_order_id] => 0WBRZAUX1749044253722437
    [description] => Payment for order № 5271
    [sender_first_name] => апа
    [sender_last_name] => іа
    [sender_card_mask2] => 424242*42
    [sender_card_bank] => Test
    [sender_card_type] => visa
    [sender_card_country] => 804
    [ip] => 178.151.152.228
    [amount] => 360
    [currency] => UAH
    [sender_commission] => 0
    [receiver_commission] => 5.4
    [agent_commission] => 0
    [amount_debit] => 360
    [amount_credit] => 360
    [commission_debit] => 0
    [commission_credit] => 5.4
    [currency_debit] => UAH
    [currency_credit] => UAH
    [sender_bonus] => 0
    [amount_bonus] => 0
    [mpi_eci] => 7
    [is_3ds] => 
    [language] => uk
    [create_date] => 1749044253725
    [end_date] => 1749044253869
    [transaction_id] => 2655997041
)
04-06-2025 13:39:14
 Status: success04-06-2025 13:39:14
success04-06-2025 13:39:14
 order_id: 527104-06-2025 13:39:14
 order_id: stdClass Object
(
    [payment_id] => 2655997041
    [action] => pay
    [status] => success
    [version] => 3
    [type] => buy
    [paytype] => card
    [public_key] => sandbox_i55978728567
    [acq_id] => 414963
    [order_id] => 5271
    [liqpay_order_id] => 0WBRZAUX1749044253722437
    [description] => Payment for order № 5271
    [sender_first_name] => апа
    [sender_last_name] => іа
    [sender_card_mask2] => 424242*42
    [sender_card_bank] => Test
    [sender_card_type] => visa
    [sender_card_country] => 804
    [ip] => 178.151.152.228
    [amount] => 360
    [currency] => UAH
    [sender_commission] => 0
    [receiver_commission] => 5.4
    [agent_commission] => 0
    [amount_debit] => 360
    [amount_credit] => 360
    [commission_debit] => 0
    [commission_credit] => 5.4
    [currency_debit] => UAH
    [currency_credit] => UAH
    [sender_bonus] => 0
    [amount_bonus] => 0
    [mpi_eci] => 7
    [is_3ds] => 
    [language] => uk
    [create_date] => 1749044253725
    [end_date] => 1749044253869
    [transaction_id] => 2655997041
)
04-06-2025 13:39:14
 Status: success04-06-2025 13:39:14
success04-06-2025 13:39:14
 order_id: 527104-06-2025 13:39:14
 order_id: stdClass Object
(
    [payment_id] => 2655997041
    [action] => pay
    [status] => success
    [version] => 3
    [type] => buy
    [paytype] => card
    [public_key] => sandbox_i55978728567
    [acq_id] => 414963
    [order_id] => 5271
    [liqpay_order_id] => 0WBRZAUX1749044253722437
    [description] => Payment for order № 5271
    [sender_first_name] => апа
    [sender_last_name] => іа
    [sender_card_mask2] => 424242*42
    [sender_card_bank] => Test
    [sender_card_type] => visa
    [sender_card_country] => 804
    [ip] => 178.151.152.228
    [amount] => 360
    [currency] => UAH
    [sender_commission] => 0
    [receiver_commission] => 5.4
    [agent_commission] => 0
    [amount_debit] => 360
    [amount_credit] => 360
    [commission_debit] => 0
    [commission_credit] => 5.4
    [currency_debit] => UAH
    [currency_credit] => UAH
    [sender_bonus] => 0
    [amount_bonus] => 0
    [mpi_eci] => 7
    [is_3ds] => 
    [language] => uk
    [create_date] => 1749044253725
    [end_date] => 1749044253869
    [transaction_id] => 2655997041
)
04-06-2025 13:39:22
 Status: success04-06-2025 13:39:22
success04-06-2025 13:39:22
 order_id: 527204-06-2025 13:39:22
 order_id: stdClass Object
(
    [payment_id] => 2655998032
    [action] => pay
    [status] => success
    [version] => 3
    [type] => buy
    [paytype] => card
    [public_key] => sandbox_i55978728567
    [acq_id] => 414963
    [order_id] => 5272
    [liqpay_order_id] => YQW580YD1749044362347156
    [description] => Payment for order № 5272
    [sender_first_name] => ва
    [sender_last_name] => вав
    [sender_card_mask2] => 424242*42
    [sender_card_bank] => Test
    [sender_card_type] => visa
    [sender_card_country] => 804
    [ip] => 178.151.152.228
    [amount] => 360
    [currency] => UAH
    [sender_commission] => 0
    [receiver_commission] => 5.4
    [agent_commission] => 0
    [amount_debit] => 360
    [amount_credit] => 360
    [commission_debit] => 0
    [commission_credit] => 5.4
    [currency_debit] => UAH
    [currency_credit] => UAH
    [sender_bonus] => 0
    [amount_bonus] => 0
    [mpi_eci] => 7
    [is_3ds] => 
    [language] => uk
    [create_date] => 1749044362349
    [end_date] => 1749044362494
    [transaction_id] => 2655998032
)
04-06-2025 13:39:22
testestestetse04-06-2025 13:39:22
36004-06-2025 13:39:22
testestestetse04-06-2025 13:40:23
 Status: success04-06-2025 13:40:23
success04-06-2025 13:40:23
 order_id: 527204-06-2025 13:40:23
 order_id: stdClass Object
(
    [payment_id] => 2655998032
    [action] => pay
    [status] => success
    [version] => 3
    [type] => buy
    [paytype] => card
    [public_key] => sandbox_i55978728567
    [acq_id] => 414963
    [order_id] => 5272
    [liqpay_order_id] => YQW580YD1749044362347156
    [description] => Payment for order № 5272
    [sender_first_name] => ва
    [sender_last_name] => вав
    [sender_card_mask2] => 424242*42
    [sender_card_bank] => Test
    [sender_card_type] => visa
    [sender_card_country] => 804
    [ip] => 178.151.152.228
    [amount] => 360
    [currency] => UAH
    [sender_commission] => 0
    [receiver_commission] => 5.4
    [agent_commission] => 0
    [amount_debit] => 360
    [amount_credit] => 360
    [commission_debit] => 0
    [commission_credit] => 5.4
    [currency_debit] => UAH
    [currency_credit] => UAH
    [sender_bonus] => 0
    [amount_bonus] => 0
    [mpi_eci] => 7
    [is_3ds] => 
    [language] => uk
    [create_date] => 1749044362349
    [end_date] => 1749044362494
    [transaction_id] => 2655998032
)
04-06-2025 13:41:04
 Status: success04-06-2025 13:41:04
success04-06-2025 13:41:04
 order_id: 527204-06-2025 13:41:04
 order_id: stdClass Object
(
    [payment_id] => 2655998032
    [action] => pay
    [status] => success
    [version] => 3
    [type] => buy
    [paytype] => card
    [public_key] => sandbox_i55978728567
    [acq_id] => 414963
    [order_id] => 5272
    [liqpay_order_id] => YQW580YD1749044362347156
    [description] => Payment for order № 5272
    [sender_first_name] => ва
    [sender_last_name] => вав
    [sender_card_mask2] => 424242*42
    [sender_card_bank] => Test
    [sender_card_type] => visa
    [sender_card_country] => 804
    [ip] => 178.151.152.228
    [amount] => 360
    [currency] => UAH
    [sender_commission] => 0
    [receiver_commission] => 5.4
    [agent_commission] => 0
    [amount_debit] => 360
    [amount_credit] => 360
    [commission_debit] => 0
    [commission_credit] => 5.4
    [currency_debit] => UAH
    [currency_credit] => UAH
    [sender_bonus] => 0
    [amount_bonus] => 0
    [mpi_eci] => 7
    [is_3ds] => 
    [language] => uk
    [create_date] => 1749044362349
    [end_date] => 1749044362494
    [transaction_id] => 2655998032
)
04-06-2025 13:41:04
 Status: success04-06-2025 13:41:04
success04-06-2025 13:41:04
 order_id: 527204-06-2025 13:41:04
 order_id: stdClass Object
(
    [payment_id] => 2655998032
    [action] => pay
    [status] => success
    [version] => 3
    [type] => buy
    [paytype] => card
    [public_key] => sandbox_i55978728567
    [acq_id] => 414963
    [order_id] => 5272
    [liqpay_order_id] => YQW580YD1749044362347156
    [description] => Payment for order № 5272
    [sender_first_name] => ва
    [sender_last_name] => вав
    [sender_card_mask2] => 424242*42
    [sender_card_bank] => Test
    [sender_card_type] => visa
    [sender_card_country] => 804
    [ip] => 178.151.152.228
    [amount] => 360
    [currency] => UAH
    [sender_commission] => 0
    [receiver_commission] => 5.4
    [agent_commission] => 0
    [amount_debit] => 360
    [amount_credit] => 360
    [commission_debit] => 0
    [commission_credit] => 5.4
    [currency_debit] => UAH
    [currency_credit] => UAH
    [sender_bonus] => 0
    [amount_bonus] => 0
    [mpi_eci] => 7
    [is_3ds] => 
    [language] => uk
    [create_date] => 1749044362349
    [end_date] => 1749044362494
    [transaction_id] => 2655998032
)
04-06-2025 13:44:14
 Status: success04-06-2025 13:44:14
success04-06-2025 13:44:14
 order_id: 527304-06-2025 13:44:14
 order_id: stdClass Object
(
    [payment_id] => 2656000419
    [action] => pay
    [status] => success
    [version] => 3
    [type] => buy
    [paytype] => card
    [public_key] => sandbox_i55978728567
    [acq_id] => 414963
    [order_id] => 5273
    [liqpay_order_id] => PK0V5WLM1749044654319964
    [description] => Payment for order № 5273
    [sender_first_name] => ввп
    [sender_last_name] => авп
    [sender_card_mask2] => 424242*42
    [sender_card_bank] => Test
    [sender_card_type] => visa
    [sender_card_country] => 804
    [ip] => 178.151.152.228
    [amount] => 720
    [currency] => UAH
    [sender_commission] => 0
    [receiver_commission] => 10.8
    [agent_commission] => 0
    [amount_debit] => 720
    [amount_credit] => 720
    [commission_debit] => 0
    [commission_credit] => 10.8
    [currency_debit] => UAH
    [currency_credit] => UAH
    [sender_bonus] => 0
    [amount_bonus] => 0
    [mpi_eci] => 7
    [is_3ds] => 
    [language] => uk
    [create_date] => 1749044654322
    [end_date] => 1749044654466
    [transaction_id] => 2656000419
)
04-06-2025 13:44:14
testestestetse04-06-2025 13:44:14
72004-06-2025 13:44:14
testestestetse04-06-2025 13:45:15
 Status: success04-06-2025 13:45:15
success04-06-2025 13:45:15
 order_id: 527304-06-2025 13:45:15
 order_id: stdClass Object
(
    [payment_id] => 2656000419
    [action] => pay
    [status] => success
    [version] => 3
    [type] => buy
    [paytype] => card
    [public_key] => sandbox_i55978728567
    [acq_id] => 414963
    [order_id] => 5273
    [liqpay_order_id] => PK0V5WLM1749044654319964
    [description] => Payment for order № 5273
    [sender_first_name] => ввп
    [sender_last_name] => авп
    [sender_card_mask2] => 424242*42
    [sender_card_bank] => Test
    [sender_card_type] => visa
    [sender_card_country] => 804
    [ip] => 178.151.152.228
    [amount] => 720
    [currency] => UAH
    [sender_commission] => 0
    [receiver_commission] => 10.8
    [agent_commission] => 0
    [amount_debit] => 720
    [amount_credit] => 720
    [commission_debit] => 0
    [commission_credit] => 10.8
    [currency_debit] => UAH
    [currency_credit] => UAH
    [sender_bonus] => 0
    [amount_bonus] => 0
    [mpi_eci] => 7
    [is_3ds] => 
    [language] => uk
    [create_date] => 1749044654322
    [end_date] => 1749044654466
    [transaction_id] => 2656000419
)
04-06-2025 13:45:55
 Status: success04-06-2025 13:45:55
success04-06-2025 13:45:55
 order_id: 527304-06-2025 13:45:55
 order_id: stdClass Object
(
    [payment_id] => 2656000419
    [action] => pay
    [status] => success
    [version] => 3
    [type] => buy
    [paytype] => card
    [public_key] => sandbox_i55978728567
    [acq_id] => 414963
    [order_id] => 5273
    [liqpay_order_id] => PK0V5WLM1749044654319964
    [description] => Payment for order № 5273
    [sender_first_name] => ввп
    [sender_last_name] => авп
    [sender_card_mask2] => 424242*42
    [sender_card_bank] => Test
    [sender_card_type] => visa
    [sender_card_country] => 804
    [ip] => 178.151.152.228
    [amount] => 720
    [currency] => UAH
    [sender_commission] => 0
    [receiver_commission] => 10.8
    [agent_commission] => 0
    [amount_debit] => 720
    [amount_credit] => 720
    [commission_debit] => 0
    [commission_credit] => 10.8
    [currency_debit] => UAH
    [currency_credit] => UAH
    [sender_bonus] => 0
    [amount_bonus] => 0
    [mpi_eci] => 7
    [is_3ds] => 
    [language] => uk
    [create_date] => 1749044654322
    [end_date] => 1749044654466
    [transaction_id] => 2656000419
)
04-06-2025 13:45:55
 Status: success04-06-2025 13:45:55
success04-06-2025 13:45:55
 order_id: 527304-06-2025 13:45:55
 order_id: stdClass Object
(
    [payment_id] => 2656000419
    [action] => pay
    [status] => success
    [version] => 3
    [type] => buy
    [paytype] => card
    [public_key] => sandbox_i55978728567
    [acq_id] => 414963
    [order_id] => 5273
    [liqpay_order_id] => PK0V5WLM1749044654319964
    [description] => Payment for order № 5273
    [sender_first_name] => ввп
    [sender_last_name] => авп
    [sender_card_mask2] => 424242*42
    [sender_card_bank] => Test
    [sender_card_type] => visa
    [sender_card_country] => 804
    [ip] => 178.151.152.228
    [amount] => 720
    [currency] => UAH
    [sender_commission] => 0
    [receiver_commission] => 10.8
    [agent_commission] => 0
    [amount_debit] => 720
    [amount_credit] => 720
    [commission_debit] => 0
    [commission_credit] => 10.8
    [currency_debit] => UAH
    [currency_credit] => UAH
    [sender_bonus] => 0
    [amount_bonus] => 0
    [mpi_eci] => 7
    [is_3ds] => 
    [language] => uk
    [create_date] => 1749044654322
    [end_date] => 1749044654466
    [transaction_id] => 2656000419
)
04-06-2025 14:02:21
 Status: success04-06-2025 14:02:21
success04-06-2025 14:02:21
 order_id: 527404-06-2025 14:02:21
 order_id: stdClass Object
(
    [payment_id] => 2656009442
    [action] => pay
    [status] => success
    [version] => 3
    [type] => buy
    [paytype] => card
    [public_key] => sandbox_i55978728567
    [acq_id] => 414963
    [order_id] => 5274
    [liqpay_order_id] => ZXR6CKS51749045740714660
    [description] => Передоплата замовлення № 5274
    [sender_first_name] => арпол
    [sender_last_name] => апрол
    [sender_card_mask2] => 424242*42
    [sender_card_bank] => Test
    [sender_card_type] => visa
    [sender_card_country] => 804
    [ip] => 178.151.152.228
    [amount] => 200
    [currency] => UAH
    [sender_commission] => 0
    [receiver_commission] => 3
    [agent_commission] => 0
    [amount_debit] => 200
    [amount_credit] => 200
    [commission_debit] => 0
    [commission_credit] => 3
    [currency_debit] => UAH
    [currency_credit] => UAH
    [sender_bonus] => 0
    [amount_bonus] => 0
    [mpi_eci] => 7
    [is_3ds] => 
    [language] => uk
    [create_date] => 1749045740718
    [end_date] => 1749045740861
    [transaction_id] => 2656009442
)
04-06-2025 14:02:21
testestestetse04-06-2025 14:02:21
20004-06-2025 14:02:21
testestestetse04-06-2025 14:03:21
 Status: success04-06-2025 14:03:21
success04-06-2025 14:03:21
 order_id: 527404-06-2025 14:03:21
 order_id: stdClass Object
(
    [payment_id] => 2656009442
    [action] => pay
    [status] => success
    [version] => 3
    [type] => buy
    [paytype] => card
    [public_key] => sandbox_i55978728567
    [acq_id] => 414963
    [order_id] => 5274
    [liqpay_order_id] => ZXR6CKS51749045740714660
    [description] => Передоплата замовлення № 5274
    [sender_first_name] => арпол
    [sender_last_name] => апрол
    [sender_card_mask2] => 424242*42
    [sender_card_bank] => Test
    [sender_card_type] => visa
    [sender_card_country] => 804
    [ip] => 178.151.152.228
    [amount] => 200
    [currency] => UAH
    [sender_commission] => 0
    [receiver_commission] => 3
    [agent_commission] => 0
    [amount_debit] => 200
    [amount_credit] => 200
    [commission_debit] => 0
    [commission_credit] => 3
    [currency_debit] => UAH
    [currency_credit] => UAH
    [sender_bonus] => 0
    [amount_bonus] => 0
    [mpi_eci] => 7
    [is_3ds] => 
    [language] => uk
    [create_date] => 1749045740718
    [end_date] => 1749045740861
    [transaction_id] => 2656009442
)
04-06-2025 14:04:03
 Status: success04-06-2025 14:04:03
success04-06-2025 14:04:03
 order_id: 527404-06-2025 14:04:03
 order_id: stdClass Object
(
    [payment_id] => 2656009442
    [action] => pay
    [status] => success
    [version] => 3
    [type] => buy
    [paytype] => card
    [public_key] => sandbox_i55978728567
    [acq_id] => 414963
    [order_id] => 5274
    [liqpay_order_id] => ZXR6CKS51749045740714660
    [description] => Передоплата замовлення № 5274
    [sender_first_name] => арпол
    [sender_last_name] => апрол
    [sender_card_mask2] => 424242*42
    [sender_card_bank] => Test
    [sender_card_type] => visa
    [sender_card_country] => 804
    [ip] => 178.151.152.228
    [amount] => 200
    [currency] => UAH
    [sender_commission] => 0
    [receiver_commission] => 3
    [agent_commission] => 0
    [amount_debit] => 200
    [amount_credit] => 200
    [commission_debit] => 0
    [commission_credit] => 3
    [currency_debit] => UAH
    [currency_credit] => UAH
    [sender_bonus] => 0
    [amount_bonus] => 0
    [mpi_eci] => 7
    [is_3ds] => 
    [language] => uk
    [create_date] => 1749045740718
    [end_date] => 1749045740861
    [transaction_id] => 2656009442
)
04-06-2025 14:04:03
 Status: success04-06-2025 14:04:03
success04-06-2025 14:04:03
 order_id: 527404-06-2025 14:04:03
 order_id: stdClass Object
(
    [payment_id] => 2656009442
    [action] => pay
    [status] => success
    [version] => 3
    [type] => buy
    [paytype] => card
    [public_key] => sandbox_i55978728567
    [acq_id] => 414963
    [order_id] => 5274
    [liqpay_order_id] => ZXR6CKS51749045740714660
    [description] => Передоплата замовлення № 5274
    [sender_first_name] => арпол
    [sender_last_name] => апрол
    [sender_card_mask2] => 424242*42
    [sender_card_bank] => Test
    [sender_card_type] => visa
    [sender_card_country] => 804
    [ip] => 178.151.152.228
    [amount] => 200
    [currency] => UAH
    [sender_commission] => 0
    [receiver_commission] => 3
    [agent_commission] => 0
    [amount_debit] => 200
    [amount_credit] => 200
    [commission_debit] => 0
    [commission_credit] => 3
    [currency_debit] => UAH
    [currency_credit] => UAH
    [sender_bonus] => 0
    [amount_bonus] => 0
    [mpi_eci] => 7
    [is_3ds] => 
    [language] => uk
    [create_date] => 1749045740718
    [end_date] => 1749045740861
    [transaction_id] => 2656009442
)
05-06-2025 07:31:59
 Status: success05-06-2025 07:31:59
success05-06-2025 07:31:59
 order_id: 527605-06-2025 07:31:59
 order_id: stdClass Object
(
    [payment_id] => 2656290228
    [action] => pay
    [status] => success
    [version] => 3
    [type] => buy
    [paytype] => card
    [public_key] => sandbox_i55978728567
    [acq_id] => 414963
    [order_id] => 5276
    [liqpay_order_id] => 3PE7A7H31749108719084613
    [description] => Payment for order № 5276
    [sender_first_name] => mfg
    [sender_last_name] => rsdgsdf
    [sender_card_mask2] => 424242*42
    [sender_card_bank] => Test
    [sender_card_type] => visa
    [sender_card_country] => 804
    [ip] => 159.224.12.212
    [amount] => 412
    [currency] => UAH
    [sender_commission] => 0
    [receiver_commission] => 6.18
    [agent_commission] => 0
    [amount_debit] => 412
    [amount_credit] => 412
    [commission_debit] => 0
    [commission_credit] => 6.18
    [currency_debit] => UAH
    [currency_credit] => UAH
    [sender_bonus] => 0
    [amount_bonus] => 0
    [mpi_eci] => 7
    [is_3ds] => 
    [language] => uk
    [create_date] => 1749108719087
    [end_date] => 1749108719227
    [transaction_id] => 2656290228
)
05-06-2025 07:31:59
testestestetse05-06-2025 07:31:59
41205-06-2025 07:31:59
testestestetse05-06-2025 07:32:59
 Status: success05-06-2025 07:32:59
success05-06-2025 07:32:59
 order_id: 527605-06-2025 07:32:59
 order_id: stdClass Object
(
    [payment_id] => 2656290228
    [action] => pay
    [status] => success
    [version] => 3
    [type] => buy
    [paytype] => card
    [public_key] => sandbox_i55978728567
    [acq_id] => 414963
    [order_id] => 5276
    [liqpay_order_id] => 3PE7A7H31749108719084613
    [description] => Payment for order № 5276
    [sender_first_name] => mfg
    [sender_last_name] => rsdgsdf
    [sender_card_mask2] => 424242*42
    [sender_card_bank] => Test
    [sender_card_type] => visa
    [sender_card_country] => 804
    [ip] => 159.224.12.212
    [amount] => 412
    [currency] => UAH
    [sender_commission] => 0
    [receiver_commission] => 6.18
    [agent_commission] => 0
    [amount_debit] => 412
    [amount_credit] => 412
    [commission_debit] => 0
    [commission_credit] => 6.18
    [currency_debit] => UAH
    [currency_credit] => UAH
    [sender_bonus] => 0
    [amount_bonus] => 0
    [mpi_eci] => 7
    [is_3ds] => 
    [language] => uk
    [create_date] => 1749108719087
    [end_date] => 1749108719227
    [transaction_id] => 2656290228
)
05-06-2025 07:33:40
 Status: success05-06-2025 07:33:40
success05-06-2025 07:33:40
 order_id: 527605-06-2025 07:33:40
 order_id: stdClass Object
(
    [payment_id] => 2656290228
    [action] => pay
    [status] => success
    [version] => 3
    [type] => buy
    [paytype] => card
    [public_key] => sandbox_i55978728567
    [acq_id] => 414963
    [order_id] => 5276
    [liqpay_order_id] => 3PE7A7H31749108719084613
    [description] => Payment for order № 5276
    [sender_first_name] => mfg
    [sender_last_name] => rsdgsdf
    [sender_card_mask2] => 424242*42
    [sender_card_bank] => Test
    [sender_card_type] => visa
    [sender_card_country] => 804
    [ip] => 159.224.12.212
    [amount] => 412
    [currency] => UAH
    [sender_commission] => 0
    [receiver_commission] => 6.18
    [agent_commission] => 0
    [amount_debit] => 412
    [amount_credit] => 412
    [commission_debit] => 0
    [commission_credit] => 6.18
    [currency_debit] => UAH
    [currency_credit] => UAH
    [sender_bonus] => 0
    [amount_bonus] => 0
    [mpi_eci] => 7
    [is_3ds] => 
    [language] => uk
    [create_date] => 1749108719087
    [end_date] => 1749108719227
    [transaction_id] => 2656290228
)
05-06-2025 07:33:40
 Status: success05-06-2025 07:33:40
success05-06-2025 07:33:40
 order_id: 527605-06-2025 07:33:40
 order_id: stdClass Object
(
    [payment_id] => 2656290228
    [action] => pay
    [status] => success
    [version] => 3
    [type] => buy
    [paytype] => card
    [public_key] => sandbox_i55978728567
    [acq_id] => 414963
    [order_id] => 5276
    [liqpay_order_id] => 3PE7A7H31749108719084613
    [description] => Payment for order № 5276
    [sender_first_name] => mfg
    [sender_last_name] => rsdgsdf
    [sender_card_mask2] => 424242*42
    [sender_card_bank] => Test
    [sender_card_type] => visa
    [sender_card_country] => 804
    [ip] => 159.224.12.212
    [amount] => 412
    [currency] => UAH
    [sender_commission] => 0
    [receiver_commission] => 6.18
    [agent_commission] => 0
    [amount_debit] => 412
    [amount_credit] => 412
    [commission_debit] => 0
    [commission_credit] => 6.18
    [currency_debit] => UAH
    [currency_credit] => UAH
    [sender_bonus] => 0
    [amount_bonus] => 0
    [mpi_eci] => 7
    [is_3ds] => 
    [language] => uk
    [create_date] => 1749108719087
    [end_date] => 1749108719227
    [transaction_id] => 2656290228
)
05-06-2025 08:22:59
 Status: success05-06-2025 08:22:59
success05-06-2025 08:22:59
 order_id: 527705-06-2025 08:22:59
 order_id: stdClass Object
(
    [payment_id] => 2656317599
    [action] => pay
    [status] => success
    [version] => 3
    [type] => buy
    [paytype] => card
    [public_key] => sandbox_i55978728567
    [acq_id] => 414963
    [order_id] => 5277
    [liqpay_order_id] => MRDT3RJO1749111778762805
    [description] => Payment for order № 5277
    [sender_first_name] => sd
    [sender_last_name] => hff
    [sender_card_mask2] => 424242*42
    [sender_card_bank] => Test
    [sender_card_type] => visa
    [sender_card_country] => 804
    [ip] => 159.224.12.212
    [amount] => 68
    [currency] => UAH
    [sender_commission] => 0
    [receiver_commission] => 1.02
    [agent_commission] => 0
    [amount_debit] => 68
    [amount_credit] => 68
    [commission_debit] => 0
    [commission_credit] => 1.02
    [currency_debit] => UAH
    [currency_credit] => UAH
    [sender_bonus] => 0
    [amount_bonus] => 0
    [mpi_eci] => 7
    [is_3ds] => 
    [language] => uk
    [create_date] => 1749111778764
    [end_date] => 1749111778848
    [transaction_id] => 2656317599
)
05-06-2025 08:22:59
testestestetse05-06-2025 08:22:59
6805-06-2025 08:22:59
testestestetse05-06-2025 08:23:59
 Status: success05-06-2025 08:23:59
success05-06-2025 08:23:59
 order_id: 527705-06-2025 08:23:59
 order_id: stdClass Object
(
    [payment_id] => 2656317599
    [action] => pay
    [status] => success
    [version] => 3
    [type] => buy
    [paytype] => card
    [public_key] => sandbox_i55978728567
    [acq_id] => 414963
    [order_id] => 5277
    [liqpay_order_id] => MRDT3RJO1749111778762805
    [description] => Payment for order № 5277
    [sender_first_name] => sd
    [sender_last_name] => hff
    [sender_card_mask2] => 424242*42
    [sender_card_bank] => Test
    [sender_card_type] => visa
    [sender_card_country] => 804
    [ip] => 159.224.12.212
    [amount] => 68
    [currency] => UAH
    [sender_commission] => 0
    [receiver_commission] => 1.02
    [agent_commission] => 0
    [amount_debit] => 68
    [amount_credit] => 68
    [commission_debit] => 0
    [commission_credit] => 1.02
    [currency_debit] => UAH
    [currency_credit] => UAH
    [sender_bonus] => 0
    [amount_bonus] => 0
    [mpi_eci] => 7
    [is_3ds] => 
    [language] => uk
    [create_date] => 1749111778764
    [end_date] => 1749111778848
    [transaction_id] => 2656317599
)
05-06-2025 08:24:40
 Status: success05-06-2025 08:24:40
success05-06-2025 08:24:40
 order_id: 527705-06-2025 08:24:40
 order_id: stdClass Object
(
    [payment_id] => 2656317599
    [action] => pay
    [status] => success
    [version] => 3
    [type] => buy
    [paytype] => card
    [public_key] => sandbox_i55978728567
    [acq_id] => 414963
    [order_id] => 5277
    [liqpay_order_id] => MRDT3RJO1749111778762805
    [description] => Payment for order № 5277
    [sender_first_name] => sd
    [sender_last_name] => hff
    [sender_card_mask2] => 424242*42
    [sender_card_bank] => Test
    [sender_card_type] => visa
    [sender_card_country] => 804
    [ip] => 159.224.12.212
    [amount] => 68
    [currency] => UAH
    [sender_commission] => 0
    [receiver_commission] => 1.02
    [agent_commission] => 0
    [amount_debit] => 68
    [amount_credit] => 68
    [commission_debit] => 0
    [commission_credit] => 1.02
    [currency_debit] => UAH
    [currency_credit] => UAH
    [sender_bonus] => 0
    [amount_bonus] => 0
    [mpi_eci] => 7
    [is_3ds] => 
    [language] => uk
    [create_date] => 1749111778764
    [end_date] => 1749111778848
    [transaction_id] => 2656317599
)
05-06-2025 08:24:40
 Status: success05-06-2025 08:24:40
success05-06-2025 08:24:40
 order_id: 527705-06-2025 08:24:40
 order_id: stdClass Object
(
    [payment_id] => 2656317599
    [action] => pay
    [status] => success
    [version] => 3
    [type] => buy
    [paytype] => card
    [public_key] => sandbox_i55978728567
    [acq_id] => 414963
    [order_id] => 5277
    [liqpay_order_id] => MRDT3RJO1749111778762805
    [description] => Payment for order № 5277
    [sender_first_name] => sd
    [sender_last_name] => hff
    [sender_card_mask2] => 424242*42
    [sender_card_bank] => Test
    [sender_card_type] => visa
    [sender_card_country] => 804
    [ip] => 159.224.12.212
    [amount] => 68
    [currency] => UAH
    [sender_commission] => 0
    [receiver_commission] => 1.02
    [agent_commission] => 0
    [amount_debit] => 68
    [amount_credit] => 68
    [commission_debit] => 0
    [commission_credit] => 1.02
    [currency_debit] => UAH
    [currency_credit] => UAH
    [sender_bonus] => 0
    [amount_bonus] => 0
    [mpi_eci] => 7
    [is_3ds] => 
    [language] => uk
    [create_date] => 1749111778764
    [end_date] => 1749111778848
    [transaction_id] => 2656317599
)
05-06-2025 08:28:26
 Status: success05-06-2025 08:28:26
success05-06-2025 08:28:26
 order_id: 527805-06-2025 08:28:26
 order_id: stdClass Object
(
    [payment_id] => 2656320487
    [action] => pay
    [status] => success
    [version] => 3
    [type] => buy
    [paytype] => card
    [public_key] => sandbox_i55978728567
    [acq_id] => 414963
    [order_id] => 5278
    [liqpay_order_id] => DZIRAXE11749112106146172
    [description] => Payment for order № 5278
    [sender_first_name] => апр
    [sender_last_name] => пр
    [sender_card_mask2] => 424242*42
    [sender_card_bank] => Test
    [sender_card_type] => visa
    [sender_card_country] => 804
    [ip] => 159.224.12.212
    [amount] => 528
    [currency] => UAH
    [sender_commission] => 0
    [receiver_commission] => 7.92
    [agent_commission] => 0
    [amount_debit] => 528
    [amount_credit] => 528
    [commission_debit] => 0
    [commission_credit] => 7.92
    [currency_debit] => UAH
    [currency_credit] => UAH
    [sender_bonus] => 0
    [amount_bonus] => 0
    [mpi_eci] => 7
    [is_3ds] => 
    [language] => uk
    [create_date] => 1749112106148
    [end_date] => 1749112106234
    [transaction_id] => 2656320487
)
05-06-2025 08:28:26
testestestetse05-06-2025 08:28:26
52805-06-2025 08:28:26
testestestetse05-06-2025 08:29:27
 Status: success05-06-2025 08:29:27
success05-06-2025 08:29:27
 order_id: 527805-06-2025 08:29:27
 order_id: stdClass Object
(
    [payment_id] => 2656320487
    [action] => pay
    [status] => success
    [version] => 3
    [type] => buy
    [paytype] => card
    [public_key] => sandbox_i55978728567
    [acq_id] => 414963
    [order_id] => 5278
    [liqpay_order_id] => DZIRAXE11749112106146172
    [description] => Payment for order № 5278
    [sender_first_name] => апр
    [sender_last_name] => пр
    [sender_card_mask2] => 424242*42
    [sender_card_bank] => Test
    [sender_card_type] => visa
    [sender_card_country] => 804
    [ip] => 159.224.12.212
    [amount] => 528
    [currency] => UAH
    [sender_commission] => 0
    [receiver_commission] => 7.92
    [agent_commission] => 0
    [amount_debit] => 528
    [amount_credit] => 528
    [commission_debit] => 0
    [commission_credit] => 7.92
    [currency_debit] => UAH
    [currency_credit] => UAH
    [sender_bonus] => 0
    [amount_bonus] => 0
    [mpi_eci] => 7
    [is_3ds] => 
    [language] => uk
    [create_date] => 1749112106148
    [end_date] => 1749112106234
    [transaction_id] => 2656320487
)
05-06-2025 08:30:07
 Status: success05-06-2025 08:30:07
success05-06-2025 08:30:07
 order_id: 527905-06-2025 08:30:07
 order_id: stdClass Object
(
    [payment_id] => 2656321380
    [action] => pay
    [status] => success
    [version] => 3
    [type] => buy
    [paytype] => card
    [public_key] => sandbox_i55978728567
    [acq_id] => 414963
    [order_id] => 5279
    [liqpay_order_id] => BRVOAI9I1749112206313841
    [description] => Передоплата замовлення № 5279
    [sender_first_name] => ґівп
    [sender_last_name] => івп
    [sender_card_mask2] => 424242*42
    [sender_card_bank] => Test
    [sender_card_type] => visa
    [sender_card_country] => 804
    [ip] => 159.224.12.212
    [amount] => 200
    [currency] => UAH
    [sender_commission] => 0
    [receiver_commission] => 3
    [agent_commission] => 0
    [amount_debit] => 200
    [amount_credit] => 200
    [commission_debit] => 0
    [commission_credit] => 3
    [currency_debit] => UAH
    [currency_credit] => UAH
    [sender_bonus] => 0
    [amount_bonus] => 0
    [mpi_eci] => 7
    [is_3ds] => 
    [language] => uk
    [create_date] => 1749112206317
    [end_date] => 1749112206489
    [transaction_id] => 2656321380
)
05-06-2025 08:30:07
 Status: success05-06-2025 08:30:07
success05-06-2025 08:30:07
 order_id: 527805-06-2025 08:30:07
 order_id: stdClass Object
(
    [payment_id] => 2656320487
    [action] => pay
    [status] => success
    [version] => 3
    [type] => buy
    [paytype] => card
    [public_key] => sandbox_i55978728567
    [acq_id] => 414963
    [order_id] => 5278
    [liqpay_order_id] => DZIRAXE11749112106146172
    [description] => Payment for order № 5278
    [sender_first_name] => апр
    [sender_last_name] => пр
    [sender_card_mask2] => 424242*42
    [sender_card_bank] => Test
    [sender_card_type] => visa
    [sender_card_country] => 804
    [ip] => 159.224.12.212
    [amount] => 528
    [currency] => UAH
    [sender_commission] => 0
    [receiver_commission] => 7.92
    [agent_commission] => 0
    [amount_debit] => 528
    [amount_credit] => 528
    [commission_debit] => 0
    [commission_credit] => 7.92
    [currency_debit] => UAH
    [currency_credit] => UAH
    [sender_bonus] => 0
    [amount_bonus] => 0
    [mpi_eci] => 7
    [is_3ds] => 
    [language] => uk
    [create_date] => 1749112106148
    [end_date] => 1749112106234
    [transaction_id] => 2656320487
)
05-06-2025 08:30:07
 Status: success05-06-2025 08:30:07
success05-06-2025 08:30:07
 order_id: 527805-06-2025 08:30:07
 order_id: stdClass Object
(
    [payment_id] => 2656320487
    [action] => pay
    [status] => success
    [version] => 3
    [type] => buy
    [paytype] => card
    [public_key] => sandbox_i55978728567
    [acq_id] => 414963
    [order_id] => 5278
    [liqpay_order_id] => DZIRAXE11749112106146172
    [description] => Payment for order № 5278
    [sender_first_name] => апр
    [sender_last_name] => пр
    [sender_card_mask2] => 424242*42
    [sender_card_bank] => Test
    [sender_card_type] => visa
    [sender_card_country] => 804
    [ip] => 159.224.12.212
    [amount] => 528
    [currency] => UAH
    [sender_commission] => 0
    [receiver_commission] => 7.92
    [agent_commission] => 0
    [amount_debit] => 528
    [amount_credit] => 528
    [commission_debit] => 0
    [commission_credit] => 7.92
    [currency_debit] => UAH
    [currency_credit] => UAH
    [sender_bonus] => 0
    [amount_bonus] => 0
    [mpi_eci] => 7
    [is_3ds] => 
    [language] => uk
    [create_date] => 1749112106148
    [end_date] => 1749112106234
    [transaction_id] => 2656320487
)
05-06-2025 08:30:07
testestestetse05-06-2025 08:30:07
20005-06-2025 08:30:07
testestestetse05-06-2025 08:31:07
 Status: success05-06-2025 08:31:07
success05-06-2025 08:31:07
 order_id: 527905-06-2025 08:31:07
 order_id: stdClass Object
(
    [payment_id] => 2656321380
    [action] => pay
    [status] => success
    [version] => 3
    [type] => buy
    [paytype] => card
    [public_key] => sandbox_i55978728567
    [acq_id] => 414963
    [order_id] => 5279
    [liqpay_order_id] => BRVOAI9I1749112206313841
    [description] => Передоплата замовлення № 5279
    [sender_first_name] => ґівп
    [sender_last_name] => івп
    [sender_card_mask2] => 424242*42
    [sender_card_bank] => Test
    [sender_card_type] => visa
    [sender_card_country] => 804
    [ip] => 159.224.12.212
    [amount] => 200
    [currency] => UAH
    [sender_commission] => 0
    [receiver_commission] => 3
    [agent_commission] => 0
    [amount_debit] => 200
    [amount_credit] => 200
    [commission_debit] => 0
    [commission_credit] => 3
    [currency_debit] => UAH
    [currency_credit] => UAH
    [sender_bonus] => 0
    [amount_bonus] => 0
    [mpi_eci] => 7
    [is_3ds] => 
    [language] => uk
    [create_date] => 1749112206317
    [end_date] => 1749112206489
    [transaction_id] => 2656321380
)
05-06-2025 08:31:47
 Status: success05-06-2025 08:31:47
success05-06-2025 08:31:47
 order_id: 527905-06-2025 08:31:47
 order_id: stdClass Object
(
    [payment_id] => 2656321380
    [action] => pay
    [status] => success
    [version] => 3
    [type] => buy
    [paytype] => card
    [public_key] => sandbox_i55978728567
    [acq_id] => 414963
    [order_id] => 5279
    [liqpay_order_id] => BRVOAI9I1749112206313841
    [description] => Передоплата замовлення № 5279
    [sender_first_name] => ґівп
    [sender_last_name] => івп
    [sender_card_mask2] => 424242*42
    [sender_card_bank] => Test
    [sender_card_type] => visa
    [sender_card_country] => 804
    [ip] => 159.224.12.212
    [amount] => 200
    [currency] => UAH
    [sender_commission] => 0
    [receiver_commission] => 3
    [agent_commission] => 0
    [amount_debit] => 200
    [amount_credit] => 200
    [commission_debit] => 0
    [commission_credit] => 3
    [currency_debit] => UAH
    [currency_credit] => UAH
    [sender_bonus] => 0
    [amount_bonus] => 0
    [mpi_eci] => 7
    [is_3ds] => 
    [language] => uk
    [create_date] => 1749112206317
    [end_date] => 1749112206489
    [transaction_id] => 2656321380
)
05-06-2025 08:31:47
 Status: success05-06-2025 08:31:47
success05-06-2025 08:31:47
 order_id: 527905-06-2025 08:31:47
 order_id: stdClass Object
(
    [payment_id] => 2656321380
    [action] => pay
    [status] => success
    [version] => 3
    [type] => buy
    [paytype] => card
    [public_key] => sandbox_i55978728567
    [acq_id] => 414963
    [order_id] => 5279
    [liqpay_order_id] => BRVOAI9I1749112206313841
    [description] => Передоплата замовлення № 5279
    [sender_first_name] => ґівп
    [sender_last_name] => івп
    [sender_card_mask2] => 424242*42
    [sender_card_bank] => Test
    [sender_card_type] => visa
    [sender_card_country] => 804
    [ip] => 159.224.12.212
    [amount] => 200
    [currency] => UAH
    [sender_commission] => 0
    [receiver_commission] => 3
    [agent_commission] => 0
    [amount_debit] => 200
    [amount_credit] => 200
    [commission_debit] => 0
    [commission_credit] => 3
    [currency_debit] => UAH
    [currency_credit] => UAH
    [sender_bonus] => 0
    [amount_bonus] => 0
    [mpi_eci] => 7
    [is_3ds] => 
    [language] => uk
    [create_date] => 1749112206317
    [end_date] => 1749112206489
    [transaction_id] => 2656321380
)
05-06-2025 08:34:19
 Status: success05-06-2025 08:34:19
success05-06-2025 08:34:19
 order_id: 528005-06-2025 08:34:19
 order_id: stdClass Object
(
    [payment_id] => 2656323780
    [action] => pay
    [status] => success
    [version] => 3
    [type] => buy
    [paytype] => card
    [public_key] => sandbox_i55978728567
    [acq_id] => 414963
    [order_id] => 5280
    [liqpay_order_id] => QYLQ4CM01749112459012624
    [description] => Payment for order № 5280
    [sender_first_name] => аааа
    [sender_last_name] => ааа
    [sender_card_mask2] => 424242*42
    [sender_card_bank] => Test
    [sender_card_type] => visa
    [sender_card_country] => 804
    [ip] => 159.224.12.212
    [amount] => 1020
    [currency] => UAH
    [sender_commission] => 0
    [receiver_commission] => 15.3
    [agent_commission] => 0
    [amount_debit] => 1020
    [amount_credit] => 1020
    [commission_debit] => 0
    [commission_credit] => 15.3
    [currency_debit] => UAH
    [currency_credit] => UAH
    [sender_bonus] => 0
    [amount_bonus] => 0
    [mpi_eci] => 7
    [is_3ds] => 
    [language] => uk
    [create_date] => 1749112459015
    [end_date] => 1749112459154
    [transaction_id] => 2656323780
)
05-06-2025 08:34:20
testestestetse05-06-2025 08:34:20
102005-06-2025 08:34:20
testestestetse05-06-2025 08:35:20
 Status: success05-06-2025 08:35:20
success05-06-2025 08:35:20
 order_id: 528005-06-2025 08:35:20
 order_id: stdClass Object
(
    [payment_id] => 2656323780
    [action] => pay
    [status] => success
    [version] => 3
    [type] => buy
    [paytype] => card
    [public_key] => sandbox_i55978728567
    [acq_id] => 414963
    [order_id] => 5280
    [liqpay_order_id] => QYLQ4CM01749112459012624
    [description] => Payment for order № 5280
    [sender_first_name] => аааа
    [sender_last_name] => ааа
    [sender_card_mask2] => 424242*42
    [sender_card_bank] => Test
    [sender_card_type] => visa
    [sender_card_country] => 804
    [ip] => 159.224.12.212
    [amount] => 1020
    [currency] => UAH
    [sender_commission] => 0
    [receiver_commission] => 15.3
    [agent_commission] => 0
    [amount_debit] => 1020
    [amount_credit] => 1020
    [commission_debit] => 0
    [commission_credit] => 15.3
    [currency_debit] => UAH
    [currency_credit] => UAH
    [sender_bonus] => 0
    [amount_bonus] => 0
    [mpi_eci] => 7
    [is_3ds] => 
    [language] => uk
    [create_date] => 1749112459015
    [end_date] => 1749112459154
    [transaction_id] => 2656323780
)
05-06-2025 08:36:00
 Status: success05-06-2025 08:36:00
success05-06-2025 08:36:00
 order_id: 528005-06-2025 08:36:00
 order_id: stdClass Object
(
    [payment_id] => 2656323780
    [action] => pay
    [status] => success
    [version] => 3
    [type] => buy
    [paytype] => card
    [public_key] => sandbox_i55978728567
    [acq_id] => 414963
    [order_id] => 5280
    [liqpay_order_id] => QYLQ4CM01749112459012624
    [description] => Payment for order № 5280
    [sender_first_name] => аааа
    [sender_last_name] => ааа
    [sender_card_mask2] => 424242*42
    [sender_card_bank] => Test
    [sender_card_type] => visa
    [sender_card_country] => 804
    [ip] => 159.224.12.212
    [amount] => 1020
    [currency] => UAH
    [sender_commission] => 0
    [receiver_commission] => 15.3
    [agent_commission] => 0
    [amount_debit] => 1020
    [amount_credit] => 1020
    [commission_debit] => 0
    [commission_credit] => 15.3
    [currency_debit] => UAH
    [currency_credit] => UAH
    [sender_bonus] => 0
    [amount_bonus] => 0
    [mpi_eci] => 7
    [is_3ds] => 
    [language] => uk
    [create_date] => 1749112459015
    [end_date] => 1749112459154
    [transaction_id] => 2656323780
)
05-06-2025 08:36:00
 Status: success05-06-2025 08:36:00
success05-06-2025 08:36:00
 order_id: 528005-06-2025 08:36:00
 order_id: stdClass Object
(
    [payment_id] => 2656323780
    [action] => pay
    [status] => success
    [version] => 3
    [type] => buy
    [paytype] => card
    [public_key] => sandbox_i55978728567
    [acq_id] => 414963
    [order_id] => 5280
    [liqpay_order_id] => QYLQ4CM01749112459012624
    [description] => Payment for order № 5280
    [sender_first_name] => аааа
    [sender_last_name] => ааа
    [sender_card_mask2] => 424242*42
    [sender_card_bank] => Test
    [sender_card_type] => visa
    [sender_card_country] => 804
    [ip] => 159.224.12.212
    [amount] => 1020
    [currency] => UAH
    [sender_commission] => 0
    [receiver_commission] => 15.3
    [agent_commission] => 0
    [amount_debit] => 1020
    [amount_credit] => 1020
    [commission_debit] => 0
    [commission_credit] => 15.3
    [currency_debit] => UAH
    [currency_credit] => UAH
    [sender_bonus] => 0
    [amount_bonus] => 0
    [mpi_eci] => 7
    [is_3ds] => 
    [language] => uk
    [create_date] => 1749112459015
    [end_date] => 1749112459154
    [transaction_id] => 2656323780
)
05-06-2025 08:44:04
 Status: success05-06-2025 08:44:04
success05-06-2025 08:44:04
 order_id: 528105-06-2025 08:44:04
 order_id: stdClass Object
(
    [payment_id] => 2656329052
    [action] => pay
    [status] => success
    [version] => 3
    [type] => buy
    [paytype] => card
    [public_key] => sandbox_i55978728567
    [acq_id] => 414963
    [order_id] => 5281
    [liqpay_order_id] => SEJRU62K1749113043694459
    [description] => Payment for order № 5281
    [sender_first_name] => апрр
    [sender_last_name] => апр
    [sender_card_mask2] => 424242*42
    [sender_card_bank] => Test
    [sender_card_type] => visa
    [sender_card_country] => 804
    [ip] => 159.224.12.212
    [amount] => 36
    [currency] => UAH
    [sender_commission] => 0
    [receiver_commission] => 0.54
    [agent_commission] => 0
    [amount_debit] => 36
    [amount_credit] => 36
    [commission_debit] => 0
    [commission_credit] => 0.54
    [currency_debit] => UAH
    [currency_credit] => UAH
    [sender_bonus] => 0
    [amount_bonus] => 0
    [mpi_eci] => 7
    [is_3ds] => 
    [language] => uk
    [create_date] => 1749113043700
    [end_date] => 1749113043818
    [transaction_id] => 2656329052
)
05-06-2025 08:44:04
testestestetse05-06-2025 08:44:04
3605-06-2025 08:44:04
testestestetse05-06-2025 08:45:04
 Status: success05-06-2025 08:45:04
success05-06-2025 08:45:04
 order_id: 528105-06-2025 08:45:04
 order_id: stdClass Object
(
    [payment_id] => 2656329052
    [action] => pay
    [status] => success
    [version] => 3
    [type] => buy
    [paytype] => card
    [public_key] => sandbox_i55978728567
    [acq_id] => 414963
    [order_id] => 5281
    [liqpay_order_id] => SEJRU62K1749113043694459
    [description] => Payment for order № 5281
    [sender_first_name] => апрр
    [sender_last_name] => апр
    [sender_card_mask2] => 424242*42
    [sender_card_bank] => Test
    [sender_card_type] => visa
    [sender_card_country] => 804
    [ip] => 159.224.12.212
    [amount] => 36
    [currency] => UAH
    [sender_commission] => 0
    [receiver_commission] => 0.54
    [agent_commission] => 0
    [amount_debit] => 36
    [amount_credit] => 36
    [commission_debit] => 0
    [commission_credit] => 0.54
    [currency_debit] => UAH
    [currency_credit] => UAH
    [sender_bonus] => 0
    [amount_bonus] => 0
    [mpi_eci] => 7
    [is_3ds] => 
    [language] => uk
    [create_date] => 1749113043700
    [end_date] => 1749113043818
    [transaction_id] => 2656329052
)
05-06-2025 08:45:44
 Status: success05-06-2025 08:45:44
success05-06-2025 08:45:44
 order_id: 528105-06-2025 08:45:44
 order_id: stdClass Object
(
    [payment_id] => 2656329052
    [action] => pay
    [status] => success
    [version] => 3
    [type] => buy
    [paytype] => card
    [public_key] => sandbox_i55978728567
    [acq_id] => 414963
    [order_id] => 5281
    [liqpay_order_id] => SEJRU62K1749113043694459
    [description] => Payment for order № 5281
    [sender_first_name] => апрр
    [sender_last_name] => апр
    [sender_card_mask2] => 424242*42
    [sender_card_bank] => Test
    [sender_card_type] => visa
    [sender_card_country] => 804
    [ip] => 159.224.12.212
    [amount] => 36
    [currency] => UAH
    [sender_commission] => 0
    [receiver_commission] => 0.54
    [agent_commission] => 0
    [amount_debit] => 36
    [amount_credit] => 36
    [commission_debit] => 0
    [commission_credit] => 0.54
    [currency_debit] => UAH
    [currency_credit] => UAH
    [sender_bonus] => 0
    [amount_bonus] => 0
    [mpi_eci] => 7
    [is_3ds] => 
    [language] => uk
    [create_date] => 1749113043700
    [end_date] => 1749113043818
    [transaction_id] => 2656329052
)
05-06-2025 08:45:44
 Status: success05-06-2025 08:45:44
success05-06-2025 08:45:44
 order_id: 528105-06-2025 08:45:44
 order_id: stdClass Object
(
    [payment_id] => 2656329052
    [action] => pay
    [status] => success
    [version] => 3
    [type] => buy
    [paytype] => card
    [public_key] => sandbox_i55978728567
    [acq_id] => 414963
    [order_id] => 5281
    [liqpay_order_id] => SEJRU62K1749113043694459
    [description] => Payment for order № 5281
    [sender_first_name] => апрр
    [sender_last_name] => апр
    [sender_card_mask2] => 424242*42
    [sender_card_bank] => Test
    [sender_card_type] => visa
    [sender_card_country] => 804
    [ip] => 159.224.12.212
    [amount] => 36
    [currency] => UAH
    [sender_commission] => 0
    [receiver_commission] => 0.54
    [agent_commission] => 0
    [amount_debit] => 36
    [amount_credit] => 36
    [commission_debit] => 0
    [commission_credit] => 0.54
    [currency_debit] => UAH
    [currency_credit] => UAH
    [sender_bonus] => 0
    [amount_bonus] => 0
    [mpi_eci] => 7
    [is_3ds] => 
    [language] => uk
    [create_date] => 1749113043700
    [end_date] => 1749113043818
    [transaction_id] => 2656329052
)
05-06-2025 08:45:56
 Status: success05-06-2025 08:45:56
success05-06-2025 08:45:56
 order_id: 528205-06-2025 08:45:56
 order_id: stdClass Object
(
    [payment_id] => 2656330080
    [action] => pay
    [status] => success
    [version] => 3
    [type] => buy
    [paytype] => card
    [public_key] => sandbox_i55978728567
    [acq_id] => 414963
    [order_id] => 5282
    [liqpay_order_id] => R816XOP91749113155940669
    [description] => Payment for order № 5282
    [sender_first_name] => віпів
    [sender_last_name] => івп
    [sender_card_mask2] => 424242*42
    [sender_card_bank] => Test
    [sender_card_type] => visa
    [sender_card_country] => 804
    [ip] => 159.224.12.212
    [amount] => 1800
    [currency] => UAH
    [sender_commission] => 0
    [receiver_commission] => 27
    [agent_commission] => 0
    [amount_debit] => 1800
    [amount_credit] => 1800
    [commission_debit] => 0
    [commission_credit] => 27
    [currency_debit] => UAH
    [currency_credit] => UAH
    [sender_bonus] => 0
    [amount_bonus] => 0
    [mpi_eci] => 7
    [is_3ds] => 
    [language] => uk
    [create_date] => 1749113155943
    [end_date] => 1749113156038
    [transaction_id] => 2656330080
)
05-06-2025 08:45:56
testestestetse05-06-2025 08:45:56
180005-06-2025 08:45:56
testestestetse05-06-2025 08:46:56
 Status: success05-06-2025 08:46:56
success05-06-2025 08:46:56
 order_id: 528205-06-2025 08:46:56
 order_id: stdClass Object
(
    [payment_id] => 2656330080
    [action] => pay
    [status] => success
    [version] => 3
    [type] => buy
    [paytype] => card
    [public_key] => sandbox_i55978728567
    [acq_id] => 414963
    [order_id] => 5282
    [liqpay_order_id] => R816XOP91749113155940669
    [description] => Payment for order № 5282
    [sender_first_name] => віпів
    [sender_last_name] => івп
    [sender_card_mask2] => 424242*42
    [sender_card_bank] => Test
    [sender_card_type] => visa
    [sender_card_country] => 804
    [ip] => 159.224.12.212
    [amount] => 1800
    [currency] => UAH
    [sender_commission] => 0
    [receiver_commission] => 27
    [agent_commission] => 0
    [amount_debit] => 1800
    [amount_credit] => 1800
    [commission_debit] => 0
    [commission_credit] => 27
    [currency_debit] => UAH
    [currency_credit] => UAH
    [sender_bonus] => 0
    [amount_bonus] => 0
    [mpi_eci] => 7
    [is_3ds] => 
    [language] => uk
    [create_date] => 1749113155943
    [end_date] => 1749113156038
    [transaction_id] => 2656330080
)
05-06-2025 08:47:39
 Status: success05-06-2025 08:47:39
success05-06-2025 08:47:39
 order_id: 528205-06-2025 08:47:39
 order_id: stdClass Object
(
    [payment_id] => 2656330080
    [action] => pay
    [status] => success
    [version] => 3
    [type] => buy
    [paytype] => card
    [public_key] => sandbox_i55978728567
    [acq_id] => 414963
    [order_id] => 5282
    [liqpay_order_id] => R816XOP91749113155940669
    [description] => Payment for order № 5282
    [sender_first_name] => віпів
    [sender_last_name] => івп
    [sender_card_mask2] => 424242*42
    [sender_card_bank] => Test
    [sender_card_type] => visa
    [sender_card_country] => 804
    [ip] => 159.224.12.212
    [amount] => 1800
    [currency] => UAH
    [sender_commission] => 0
    [receiver_commission] => 27
    [agent_commission] => 0
    [amount_debit] => 1800
    [amount_credit] => 1800
    [commission_debit] => 0
    [commission_credit] => 27
    [currency_debit] => UAH
    [currency_credit] => UAH
    [sender_bonus] => 0
    [amount_bonus] => 0
    [mpi_eci] => 7
    [is_3ds] => 
    [language] => uk
    [create_date] => 1749113155943
    [end_date] => 1749113156038
    [transaction_id] => 2656330080
)
05-06-2025 08:47:39
 Status: success05-06-2025 08:47:39
success05-06-2025 08:47:39
 order_id: 528205-06-2025 08:47:39
 order_id: stdClass Object
(
    [payment_id] => 2656330080
    [action] => pay
    [status] => success
    [version] => 3
    [type] => buy
    [paytype] => card
    [public_key] => sandbox_i55978728567
    [acq_id] => 414963
    [order_id] => 5282
    [liqpay_order_id] => R816XOP91749113155940669
    [description] => Payment for order № 5282
    [sender_first_name] => віпів
    [sender_last_name] => івп
    [sender_card_mask2] => 424242*42
    [sender_card_bank] => Test
    [sender_card_type] => visa
    [sender_card_country] => 804
    [ip] => 159.224.12.212
    [amount] => 1800
    [currency] => UAH
    [sender_commission] => 0
    [receiver_commission] => 27
    [agent_commission] => 0
    [amount_debit] => 1800
    [amount_credit] => 1800
    [commission_debit] => 0
    [commission_credit] => 27
    [currency_debit] => UAH
    [currency_credit] => UAH
    [sender_bonus] => 0
    [amount_bonus] => 0
    [mpi_eci] => 7
    [is_3ds] => 
    [language] => uk
    [create_date] => 1749113155943
    [end_date] => 1749113156038
    [transaction_id] => 2656330080
)
05-06-2025 08:49:21
 Status: success05-06-2025 08:49:21
success05-06-2025 08:49:21
 order_id: 528305-06-2025 08:49:21
 order_id: stdClass Object
(
    [payment_id] => 2656331891
    [action] => pay
    [status] => success
    [version] => 3
    [type] => buy
    [paytype] => card
    [public_key] => sandbox_i55978728567
    [acq_id] => 414963
    [order_id] => 5283
    [liqpay_order_id] => 9Y3CDHXR1749113361394540
    [description] => Payment for order № 5283
    [sender_first_name] => апрр
    [sender_last_name] => апр
    [sender_card_mask2] => 424242*42
    [sender_card_bank] => Test
    [sender_card_type] => visa
    [sender_card_country] => 804
    [ip] => 159.224.12.212
    [amount] => 36
    [currency] => UAH
    [sender_commission] => 0
    [receiver_commission] => 0.54
    [agent_commission] => 0
    [amount_debit] => 36
    [amount_credit] => 36
    [commission_debit] => 0
    [commission_credit] => 0.54
    [currency_debit] => UAH
    [currency_credit] => UAH
    [sender_bonus] => 0
    [amount_bonus] => 0
    [mpi_eci] => 7
    [is_3ds] => 
    [language] => uk
    [create_date] => 1749113361397
    [end_date] => 1749113361537
    [transaction_id] => 2656331891
)
05-06-2025 08:49:22
testestestetse05-06-2025 08:49:22
3605-06-2025 08:49:22
testestestetse05-06-2025 08:50:22
 Status: success05-06-2025 08:50:22
success05-06-2025 08:50:22
 order_id: 528305-06-2025 08:50:22
 order_id: stdClass Object
(
    [payment_id] => 2656331891
    [action] => pay
    [status] => success
    [version] => 3
    [type] => buy
    [paytype] => card
    [public_key] => sandbox_i55978728567
    [acq_id] => 414963
    [order_id] => 5283
    [liqpay_order_id] => 9Y3CDHXR1749113361394540
    [description] => Payment for order № 5283
    [sender_first_name] => апрр
    [sender_last_name] => апр
    [sender_card_mask2] => 424242*42
    [sender_card_bank] => Test
    [sender_card_type] => visa
    [sender_card_country] => 804
    [ip] => 159.224.12.212
    [amount] => 36
    [currency] => UAH
    [sender_commission] => 0
    [receiver_commission] => 0.54
    [agent_commission] => 0
    [amount_debit] => 36
    [amount_credit] => 36
    [commission_debit] => 0
    [commission_credit] => 0.54
    [currency_debit] => UAH
    [currency_credit] => UAH
    [sender_bonus] => 0
    [amount_bonus] => 0
    [mpi_eci] => 7
    [is_3ds] => 
    [language] => uk
    [create_date] => 1749113361397
    [end_date] => 1749113361537
    [transaction_id] => 2656331891
)
05-06-2025 08:51:03
 Status: success05-06-2025 08:51:03
success05-06-2025 08:51:03
 order_id: 528305-06-2025 08:51:03
 order_id: stdClass Object
(
    [payment_id] => 2656331891
    [action] => pay
    [status] => success
    [version] => 3
    [type] => buy
    [paytype] => card
    [public_key] => sandbox_i55978728567
    [acq_id] => 414963
    [order_id] => 5283
    [liqpay_order_id] => 9Y3CDHXR1749113361394540
    [description] => Payment for order № 5283
    [sender_first_name] => апрр
    [sender_last_name] => апр
    [sender_card_mask2] => 424242*42
    [sender_card_bank] => Test
    [sender_card_type] => visa
    [sender_card_country] => 804
    [ip] => 159.224.12.212
    [amount] => 36
    [currency] => UAH
    [sender_commission] => 0
    [receiver_commission] => 0.54
    [agent_commission] => 0
    [amount_debit] => 36
    [amount_credit] => 36
    [commission_debit] => 0
    [commission_credit] => 0.54
    [currency_debit] => UAH
    [currency_credit] => UAH
    [sender_bonus] => 0
    [amount_bonus] => 0
    [mpi_eci] => 7
    [is_3ds] => 
    [language] => uk
    [create_date] => 1749113361397
    [end_date] => 1749113361537
    [transaction_id] => 2656331891
)
05-06-2025 08:51:03
 Status: success05-06-2025 08:51:03
success05-06-2025 08:51:03
 order_id: 528305-06-2025 08:51:03
 order_id: stdClass Object
(
    [payment_id] => 2656331891
    [action] => pay
    [status] => success
    [version] => 3
    [type] => buy
    [paytype] => card
    [public_key] => sandbox_i55978728567
    [acq_id] => 414963
    [order_id] => 5283
    [liqpay_order_id] => 9Y3CDHXR1749113361394540
    [description] => Payment for order № 5283
    [sender_first_name] => апрр
    [sender_last_name] => апр
    [sender_card_mask2] => 424242*42
    [sender_card_bank] => Test
    [sender_card_type] => visa
    [sender_card_country] => 804
    [ip] => 159.224.12.212
    [amount] => 36
    [currency] => UAH
    [sender_commission] => 0
    [receiver_commission] => 0.54
    [agent_commission] => 0
    [amount_debit] => 36
    [amount_credit] => 36
    [commission_debit] => 0
    [commission_credit] => 0.54
    [currency_debit] => UAH
    [currency_credit] => UAH
    [sender_bonus] => 0
    [amount_bonus] => 0
    [mpi_eci] => 7
    [is_3ds] => 
    [language] => uk
    [create_date] => 1749113361397
    [end_date] => 1749113361537
    [transaction_id] => 2656331891
)
05-06-2025 08:51:52
 Status: success05-06-2025 08:51:52
success05-06-2025 08:51:52
 order_id: 528405-06-2025 08:51:52
 order_id: stdClass Object
(
    [payment_id] => 2656333306
    [action] => pay
    [status] => success
    [version] => 3
    [type] => buy
    [paytype] => card
    [public_key] => sandbox_i55978728567
    [acq_id] => 414963
    [order_id] => 5284
    [liqpay_order_id] => 86WZ9HGD1749113511979396
    [description] => Передоплата замовлення № 5284
    [sender_first_name] => апр
    [sender_last_name] => апр
    [sender_card_mask2] => 424242*42
    [sender_card_bank] => Test
    [sender_card_type] => visa
    [sender_card_country] => 804
    [ip] => 159.224.12.212
    [amount] => 200
    [currency] => UAH
    [sender_commission] => 0
    [receiver_commission] => 3
    [agent_commission] => 0
    [amount_debit] => 200
    [amount_credit] => 200
    [commission_debit] => 0
    [commission_credit] => 3
    [currency_debit] => UAH
    [currency_credit] => UAH
    [sender_bonus] => 0
    [amount_bonus] => 0
    [mpi_eci] => 7
    [is_3ds] => 
    [language] => uk
    [create_date] => 1749113511981
    [end_date] => 1749113512112
    [transaction_id] => 2656333306
)
05-06-2025 08:51:52
testestestetse05-06-2025 08:51:52
20005-06-2025 08:51:52
testestestetse05-06-2025 08:52:52
 Status: success05-06-2025 08:52:52
success05-06-2025 08:52:52
 order_id: 528405-06-2025 08:52:52
 order_id: stdClass Object
(
    [payment_id] => 2656333306
    [action] => pay
    [status] => success
    [version] => 3
    [type] => buy
    [paytype] => card
    [public_key] => sandbox_i55978728567
    [acq_id] => 414963
    [order_id] => 5284
    [liqpay_order_id] => 86WZ9HGD1749113511979396
    [description] => Передоплата замовлення № 5284
    [sender_first_name] => апр
    [sender_last_name] => апр
    [sender_card_mask2] => 424242*42
    [sender_card_bank] => Test
    [sender_card_type] => visa
    [sender_card_country] => 804
    [ip] => 159.224.12.212
    [amount] => 200
    [currency] => UAH
    [sender_commission] => 0
    [receiver_commission] => 3
    [agent_commission] => 0
    [amount_debit] => 200
    [amount_credit] => 200
    [commission_debit] => 0
    [commission_credit] => 3
    [currency_debit] => UAH
    [currency_credit] => UAH
    [sender_bonus] => 0
    [amount_bonus] => 0
    [mpi_eci] => 7
    [is_3ds] => 
    [language] => uk
    [create_date] => 1749113511981
    [end_date] => 1749113512112
    [transaction_id] => 2656333306
)
05-06-2025 08:53:35
 Status: success05-06-2025 08:53:35
success05-06-2025 08:53:35
 order_id: 528405-06-2025 08:53:35
 order_id: stdClass Object
(
    [payment_id] => 2656333306
    [action] => pay
    [status] => success
    [version] => 3
    [type] => buy
    [paytype] => card
    [public_key] => sandbox_i55978728567
    [acq_id] => 414963
    [order_id] => 5284
    [liqpay_order_id] => 86WZ9HGD1749113511979396
    [description] => Передоплата замовлення № 5284
    [sender_first_name] => апр
    [sender_last_name] => апр
    [sender_card_mask2] => 424242*42
    [sender_card_bank] => Test
    [sender_card_type] => visa
    [sender_card_country] => 804
    [ip] => 159.224.12.212
    [amount] => 200
    [currency] => UAH
    [sender_commission] => 0
    [receiver_commission] => 3
    [agent_commission] => 0
    [amount_debit] => 200
    [amount_credit] => 200
    [commission_debit] => 0
    [commission_credit] => 3
    [currency_debit] => UAH
    [currency_credit] => UAH
    [sender_bonus] => 0
    [amount_bonus] => 0
    [mpi_eci] => 7
    [is_3ds] => 
    [language] => uk
    [create_date] => 1749113511981
    [end_date] => 1749113512112
    [transaction_id] => 2656333306
)
05-06-2025 08:53:35
 Status: success05-06-2025 08:53:35
success05-06-2025 08:53:35
 order_id: 528405-06-2025 08:53:35
 order_id: stdClass Object
(
    [payment_id] => 2656333306
    [action] => pay
    [status] => success
    [version] => 3
    [type] => buy
    [paytype] => card
    [public_key] => sandbox_i55978728567
    [acq_id] => 414963
    [order_id] => 5284
    [liqpay_order_id] => 86WZ9HGD1749113511979396
    [description] => Передоплата замовлення № 5284
    [sender_first_name] => апр
    [sender_last_name] => апр
    [sender_card_mask2] => 424242*42
    [sender_card_bank] => Test
    [sender_card_type] => visa
    [sender_card_country] => 804
    [ip] => 159.224.12.212
    [amount] => 200
    [currency] => UAH
    [sender_commission] => 0
    [receiver_commission] => 3
    [agent_commission] => 0
    [amount_debit] => 200
    [amount_credit] => 200
    [commission_debit] => 0
    [commission_credit] => 3
    [currency_debit] => UAH
    [currency_credit] => UAH
    [sender_bonus] => 0
    [amount_bonus] => 0
    [mpi_eci] => 7
    [is_3ds] => 
    [language] => uk
    [create_date] => 1749113511981
    [end_date] => 1749113512112
    [transaction_id] => 2656333306
)
05-06-2025 08:53:56
 Status: success05-06-2025 08:53:56
success05-06-2025 08:53:56
 order_id: 528505-06-2025 08:53:56
 order_id: stdClass Object
(
    [payment_id] => 2656334505
    [action] => pay
    [status] => success
    [version] => 3
    [type] => buy
    [paytype] => card
    [public_key] => sandbox_i55978728567
    [acq_id] => 414963
    [order_id] => 5285
    [liqpay_order_id] => 6YP1SW5E1749113636247770
    [description] => Payment for order № 5285
    [sender_first_name] => апр
    [sender_last_name] => апр
    [sender_card_mask2] => 424242*42
    [sender_card_bank] => Test
    [sender_card_type] => visa
    [sender_card_country] => 804
    [ip] => 159.224.12.212
    [amount] => 56
    [currency] => UAH
    [sender_commission] => 0
    [receiver_commission] => 0.84
    [agent_commission] => 0
    [amount_debit] => 56
    [amount_credit] => 56
    [commission_debit] => 0
    [commission_credit] => 0.84
    [currency_debit] => UAH
    [currency_credit] => UAH
    [sender_bonus] => 0
    [amount_bonus] => 0
    [mpi_eci] => 7
    [is_3ds] => 
    [language] => uk
    [create_date] => 1749113636250
    [end_date] => 1749113636387
    [transaction_id] => 2656334505
)
05-06-2025 08:53:56
testestestetse05-06-2025 08:53:56
5605-06-2025 08:53:56
testestestetse05-06-2025 08:54:57
 Status: success05-06-2025 08:54:57
success05-06-2025 08:54:57
 order_id: 528505-06-2025 08:54:57
 order_id: stdClass Object
(
    [payment_id] => 2656334505
    [action] => pay
    [status] => success
    [version] => 3
    [type] => buy
    [paytype] => card
    [public_key] => sandbox_i55978728567
    [acq_id] => 414963
    [order_id] => 5285
    [liqpay_order_id] => 6YP1SW5E1749113636247770
    [description] => Payment for order № 5285
    [sender_first_name] => апр
    [sender_last_name] => апр
    [sender_card_mask2] => 424242*42
    [sender_card_bank] => Test
    [sender_card_type] => visa
    [sender_card_country] => 804
    [ip] => 159.224.12.212
    [amount] => 56
    [currency] => UAH
    [sender_commission] => 0
    [receiver_commission] => 0.84
    [agent_commission] => 0
    [amount_debit] => 56
    [amount_credit] => 56
    [commission_debit] => 0
    [commission_credit] => 0.84
    [currency_debit] => UAH
    [currency_credit] => UAH
    [sender_bonus] => 0
    [amount_bonus] => 0
    [mpi_eci] => 7
    [is_3ds] => 
    [language] => uk
    [create_date] => 1749113636250
    [end_date] => 1749113636387
    [transaction_id] => 2656334505
)
05-06-2025 08:55:37
 Status: success05-06-2025 08:55:37
success05-06-2025 08:55:37
 order_id: 528505-06-2025 08:55:37
 order_id: stdClass Object
(
    [payment_id] => 2656334505
    [action] => pay
    [status] => success
    [version] => 3
    [type] => buy
    [paytype] => card
    [public_key] => sandbox_i55978728567
    [acq_id] => 414963
    [order_id] => 5285
    [liqpay_order_id] => 6YP1SW5E1749113636247770
    [description] => Payment for order № 5285
    [sender_first_name] => апр
    [sender_last_name] => апр
    [sender_card_mask2] => 424242*42
    [sender_card_bank] => Test
    [sender_card_type] => visa
    [sender_card_country] => 804
    [ip] => 159.224.12.212
    [amount] => 56
    [currency] => UAH
    [sender_commission] => 0
    [receiver_commission] => 0.84
    [agent_commission] => 0
    [amount_debit] => 56
    [amount_credit] => 56
    [commission_debit] => 0
    [commission_credit] => 0.84
    [currency_debit] => UAH
    [currency_credit] => UAH
    [sender_bonus] => 0
    [amount_bonus] => 0
    [mpi_eci] => 7
    [is_3ds] => 
    [language] => uk
    [create_date] => 1749113636250
    [end_date] => 1749113636387
    [transaction_id] => 2656334505
)
05-06-2025 08:55:37
 Status: success05-06-2025 08:55:37
success05-06-2025 08:55:37
 order_id: 528505-06-2025 08:55:37
 order_id: stdClass Object
(
    [payment_id] => 2656334505
    [action] => pay
    [status] => success
    [version] => 3
    [type] => buy
    [paytype] => card
    [public_key] => sandbox_i55978728567
    [acq_id] => 414963
    [order_id] => 5285
    [liqpay_order_id] => 6YP1SW5E1749113636247770
    [description] => Payment for order № 5285
    [sender_first_name] => апр
    [sender_last_name] => апр
    [sender_card_mask2] => 424242*42
    [sender_card_bank] => Test
    [sender_card_type] => visa
    [sender_card_country] => 804
    [ip] => 159.224.12.212
    [amount] => 56
    [currency] => UAH
    [sender_commission] => 0
    [receiver_commission] => 0.84
    [agent_commission] => 0
    [amount_debit] => 56
    [amount_credit] => 56
    [commission_debit] => 0
    [commission_credit] => 0.84
    [currency_debit] => UAH
    [currency_credit] => UAH
    [sender_bonus] => 0
    [amount_bonus] => 0
    [mpi_eci] => 7
    [is_3ds] => 
    [language] => uk
    [create_date] => 1749113636250
    [end_date] => 1749113636387
    [transaction_id] => 2656334505
)
05-06-2025 08:56:57
 Status: success05-06-2025 08:56:57
success05-06-2025 08:56:57
 order_id: 528605-06-2025 08:56:57
 order_id: stdClass Object
(
    [payment_id] => 2656336220
    [action] => pay
    [status] => success
    [version] => 3
    [type] => buy
    [paytype] => card
    [public_key] => sandbox_i55978728567
    [acq_id] => 414963
    [order_id] => 5286
    [liqpay_order_id] => 9X02BUNS1749113816796783
    [description] => Payment for order № 5286
    [sender_first_name] => апр
    [sender_last_name] => апр
    [sender_card_mask2] => 424242*42
    [sender_card_bank] => Test
    [sender_card_type] => visa
    [sender_card_country] => 804
    [ip] => 159.224.12.212
    [amount] => 428
    [currency] => UAH
    [sender_commission] => 0
    [receiver_commission] => 6.42
    [agent_commission] => 0
    [amount_debit] => 428
    [amount_credit] => 428
    [commission_debit] => 0
    [commission_credit] => 6.42
    [currency_debit] => UAH
    [currency_credit] => UAH
    [sender_bonus] => 0
    [amount_bonus] => 0
    [mpi_eci] => 7
    [is_3ds] => 
    [language] => uk
    [create_date] => 1749113816799
    [end_date] => 1749113816949
    [transaction_id] => 2656336220
)
05-06-2025 08:56:57
testestestetse05-06-2025 08:56:57
42805-06-2025 08:56:57
testestestetse05-06-2025 08:57:57
 Status: success05-06-2025 08:57:57
success05-06-2025 08:57:57
 order_id: 528605-06-2025 08:57:57
 order_id: stdClass Object
(
    [payment_id] => 2656336220
    [action] => pay
    [status] => success
    [version] => 3
    [type] => buy
    [paytype] => card
    [public_key] => sandbox_i55978728567
    [acq_id] => 414963
    [order_id] => 5286
    [liqpay_order_id] => 9X02BUNS1749113816796783
    [description] => Payment for order № 5286
    [sender_first_name] => апр
    [sender_last_name] => апр
    [sender_card_mask2] => 424242*42
    [sender_card_bank] => Test
    [sender_card_type] => visa
    [sender_card_country] => 804
    [ip] => 159.224.12.212
    [amount] => 428
    [currency] => UAH
    [sender_commission] => 0
    [receiver_commission] => 6.42
    [agent_commission] => 0
    [amount_debit] => 428
    [amount_credit] => 428
    [commission_debit] => 0
    [commission_credit] => 6.42
    [currency_debit] => UAH
    [currency_credit] => UAH
    [sender_bonus] => 0
    [amount_bonus] => 0
    [mpi_eci] => 7
    [is_3ds] => 
    [language] => uk
    [create_date] => 1749113816799
    [end_date] => 1749113816949
    [transaction_id] => 2656336220
)
05-06-2025 08:58:40
 Status: success05-06-2025 08:58:40
success05-06-2025 08:58:40
 order_id: 528605-06-2025 08:58:40
 order_id: stdClass Object
(
    [payment_id] => 2656336220
    [action] => pay
    [status] => success
    [version] => 3
    [type] => buy
    [paytype] => card
    [public_key] => sandbox_i55978728567
    [acq_id] => 414963
    [order_id] => 5286
    [liqpay_order_id] => 9X02BUNS1749113816796783
    [description] => Payment for order № 5286
    [sender_first_name] => апр
    [sender_last_name] => апр
    [sender_card_mask2] => 424242*42
    [sender_card_bank] => Test
    [sender_card_type] => visa
    [sender_card_country] => 804
    [ip] => 159.224.12.212
    [amount] => 428
    [currency] => UAH
    [sender_commission] => 0
    [receiver_commission] => 6.42
    [agent_commission] => 0
    [amount_debit] => 428
    [amount_credit] => 428
    [commission_debit] => 0
    [commission_credit] => 6.42
    [currency_debit] => UAH
    [currency_credit] => UAH
    [sender_bonus] => 0
    [amount_bonus] => 0
    [mpi_eci] => 7
    [is_3ds] => 
    [language] => uk
    [create_date] => 1749113816799
    [end_date] => 1749113816949
    [transaction_id] => 2656336220
)
05-06-2025 08:58:40
 Status: success05-06-2025 08:58:40
success05-06-2025 08:58:40
 order_id: 528605-06-2025 08:58:40
 order_id: stdClass Object
(
    [payment_id] => 2656336220
    [action] => pay
    [status] => success
    [version] => 3
    [type] => buy
    [paytype] => card
    [public_key] => sandbox_i55978728567
    [acq_id] => 414963
    [order_id] => 5286
    [liqpay_order_id] => 9X02BUNS1749113816796783
    [description] => Payment for order № 5286
    [sender_first_name] => апр
    [sender_last_name] => апр
    [sender_card_mask2] => 424242*42
    [sender_card_bank] => Test
    [sender_card_type] => visa
    [sender_card_country] => 804
    [ip] => 159.224.12.212
    [amount] => 428
    [currency] => UAH
    [sender_commission] => 0
    [receiver_commission] => 6.42
    [agent_commission] => 0
    [amount_debit] => 428
    [amount_credit] => 428
    [commission_debit] => 0
    [commission_credit] => 6.42
    [currency_debit] => UAH
    [currency_credit] => UAH
    [sender_bonus] => 0
    [amount_bonus] => 0
    [mpi_eci] => 7
    [is_3ds] => 
    [language] => uk
    [create_date] => 1749113816799
    [end_date] => 1749113816949
    [transaction_id] => 2656336220
)
05-06-2025 09:00:31
 Status: success05-06-2025 09:00:31
success05-06-2025 09:00:31
 order_id: 528705-06-2025 09:00:31
 order_id: stdClass Object
(
    [payment_id] => 2656338213
    [action] => pay
    [status] => success
    [version] => 3
    [type] => buy
    [paytype] => card
    [public_key] => sandbox_i55978728567
    [acq_id] => 414963
    [order_id] => 5287
    [liqpay_order_id] => CZKS1PKP1749114031060393
    [description] => Передоплата замовлення № 5287
    [sender_first_name] => sdg
    [sender_last_name] => sdg
    [sender_card_mask2] => 424242*42
    [sender_card_bank] => Test
    [sender_card_type] => visa
    [sender_card_country] => 804
    [ip] => 159.224.12.212
    [amount] => 200
    [currency] => UAH
    [sender_commission] => 0
    [receiver_commission] => 3
    [agent_commission] => 0
    [amount_debit] => 200
    [amount_credit] => 200
    [commission_debit] => 0
    [commission_credit] => 3
    [currency_debit] => UAH
    [currency_credit] => UAH
    [sender_bonus] => 0
    [amount_bonus] => 0
    [mpi_eci] => 7
    [is_3ds] => 
    [language] => uk
    [create_date] => 1749114031062
    [end_date] => 1749114031204
    [transaction_id] => 2656338213
)
05-06-2025 09:00:31
testestestetse05-06-2025 09:00:31
20005-06-2025 09:00:31
testestestetse05-06-2025 09:01:32
 Status: success05-06-2025 09:01:32
success05-06-2025 09:01:32
 order_id: 528705-06-2025 09:01:32
 order_id: stdClass Object
(
    [payment_id] => 2656338213
    [action] => pay
    [status] => success
    [version] => 3
    [type] => buy
    [paytype] => card
    [public_key] => sandbox_i55978728567
    [acq_id] => 414963
    [order_id] => 5287
    [liqpay_order_id] => CZKS1PKP1749114031060393
    [description] => Передоплата замовлення № 5287
    [sender_first_name] => sdg
    [sender_last_name] => sdg
    [sender_card_mask2] => 424242*42
    [sender_card_bank] => Test
    [sender_card_type] => visa
    [sender_card_country] => 804
    [ip] => 159.224.12.212
    [amount] => 200
    [currency] => UAH
    [sender_commission] => 0
    [receiver_commission] => 3
    [agent_commission] => 0
    [amount_debit] => 200
    [amount_credit] => 200
    [commission_debit] => 0
    [commission_credit] => 3
    [currency_debit] => UAH
    [currency_credit] => UAH
    [sender_bonus] => 0
    [amount_bonus] => 0
    [mpi_eci] => 7
    [is_3ds] => 
    [language] => uk
    [create_date] => 1749114031062
    [end_date] => 1749114031204
    [transaction_id] => 2656338213
)
05-06-2025 09:02:12
 Status: success05-06-2025 09:02:12
success05-06-2025 09:02:12
 order_id: 528705-06-2025 09:02:12
 order_id: stdClass Object
(
    [payment_id] => 2656338213
    [action] => pay
    [status] => success
    [version] => 3
    [type] => buy
    [paytype] => card
    [public_key] => sandbox_i55978728567
    [acq_id] => 414963
    [order_id] => 5287
    [liqpay_order_id] => CZKS1PKP1749114031060393
    [description] => Передоплата замовлення № 5287
    [sender_first_name] => sdg
    [sender_last_name] => sdg
    [sender_card_mask2] => 424242*42
    [sender_card_bank] => Test
    [sender_card_type] => visa
    [sender_card_country] => 804
    [ip] => 159.224.12.212
    [amount] => 200
    [currency] => UAH
    [sender_commission] => 0
    [receiver_commission] => 3
    [agent_commission] => 0
    [amount_debit] => 200
    [amount_credit] => 200
    [commission_debit] => 0
    [commission_credit] => 3
    [currency_debit] => UAH
    [currency_credit] => UAH
    [sender_bonus] => 0
    [amount_bonus] => 0
    [mpi_eci] => 7
    [is_3ds] => 
    [language] => uk
    [create_date] => 1749114031062
    [end_date] => 1749114031204
    [transaction_id] => 2656338213
)
05-06-2025 09:02:12
 Status: success05-06-2025 09:02:12
success05-06-2025 09:02:12
 order_id: 528705-06-2025 09:02:12
 order_id: stdClass Object
(
    [payment_id] => 2656338213
    [action] => pay
    [status] => success
    [version] => 3
    [type] => buy
    [paytype] => card
    [public_key] => sandbox_i55978728567
    [acq_id] => 414963
    [order_id] => 5287
    [liqpay_order_id] => CZKS1PKP1749114031060393
    [description] => Передоплата замовлення № 5287
    [sender_first_name] => sdg
    [sender_last_name] => sdg
    [sender_card_mask2] => 424242*42
    [sender_card_bank] => Test
    [sender_card_type] => visa
    [sender_card_country] => 804
    [ip] => 159.224.12.212
    [amount] => 200
    [currency] => UAH
    [sender_commission] => 0
    [receiver_commission] => 3
    [agent_commission] => 0
    [amount_debit] => 200
    [amount_credit] => 200
    [commission_debit] => 0
    [commission_credit] => 3
    [currency_debit] => UAH
    [currency_credit] => UAH
    [sender_bonus] => 0
    [amount_bonus] => 0
    [mpi_eci] => 7
    [is_3ds] => 
    [language] => uk
    [create_date] => 1749114031062
    [end_date] => 1749114031204
    [transaction_id] => 2656338213
)
05-06-2025 09:06:50
 Status: success05-06-2025 09:06:50
success05-06-2025 09:06:50
 order_id: 528805-06-2025 09:06:50
 order_id: stdClass Object
(
    [payment_id] => 2656341786
    [action] => pay
    [status] => success
    [version] => 3
    [type] => buy
    [paytype] => card
    [public_key] => sandbox_i55978728567
    [acq_id] => 414963
    [order_id] => 5288
    [liqpay_order_id] => 3SJ1REC91749114409689356
    [description] => Payment for order № 5288
    [sender_first_name] => прор
    [sender_last_name] => аап
    [sender_card_mask2] => 424242*42
    [sender_card_bank] => Test
    [sender_card_type] => visa
    [sender_card_country] => 804
    [ip] => 159.224.12.212
    [amount] => 48
    [currency] => UAH
    [sender_commission] => 0
    [receiver_commission] => 0.72
    [agent_commission] => 0
    [amount_debit] => 48
    [amount_credit] => 48
    [commission_debit] => 0
    [commission_credit] => 0.72
    [currency_debit] => UAH
    [currency_credit] => UAH
    [sender_bonus] => 0
    [amount_bonus] => 0
    [mpi_eci] => 7
    [is_3ds] => 
    [language] => uk
    [create_date] => 1749114409691
    [end_date] => 1749114409794
    [transaction_id] => 2656341786
)
05-06-2025 09:06:50
testestestetse05-06-2025 09:06:50
4805-06-2025 09:06:50
testestestetse05-06-2025 09:07:50
 Status: success05-06-2025 09:07:50
success05-06-2025 09:07:50
 order_id: 528805-06-2025 09:07:50
 order_id: stdClass Object
(
    [payment_id] => 2656341786
    [action] => pay
    [status] => success
    [version] => 3
    [type] => buy
    [paytype] => card
    [public_key] => sandbox_i55978728567
    [acq_id] => 414963
    [order_id] => 5288
    [liqpay_order_id] => 3SJ1REC91749114409689356
    [description] => Payment for order № 5288
    [sender_first_name] => прор
    [sender_last_name] => аап
    [sender_card_mask2] => 424242*42
    [sender_card_bank] => Test
    [sender_card_type] => visa
    [sender_card_country] => 804
    [ip] => 159.224.12.212
    [amount] => 48
    [currency] => UAH
    [sender_commission] => 0
    [receiver_commission] => 0.72
    [agent_commission] => 0
    [amount_debit] => 48
    [amount_credit] => 48
    [commission_debit] => 0
    [commission_credit] => 0.72
    [currency_debit] => UAH
    [currency_credit] => UAH
    [sender_bonus] => 0
    [amount_bonus] => 0
    [mpi_eci] => 7
    [is_3ds] => 
    [language] => uk
    [create_date] => 1749114409691
    [end_date] => 1749114409794
    [transaction_id] => 2656341786
)
05-06-2025 09:08:30
 Status: success05-06-2025 09:08:30
success05-06-2025 09:08:30
 order_id: 528805-06-2025 09:08:30
 order_id: stdClass Object
(
    [payment_id] => 2656341786
    [action] => pay
    [status] => success
    [version] => 3
    [type] => buy
    [paytype] => card
    [public_key] => sandbox_i55978728567
    [acq_id] => 414963
    [order_id] => 5288
    [liqpay_order_id] => 3SJ1REC91749114409689356
    [description] => Payment for order № 5288
    [sender_first_name] => прор
    [sender_last_name] => аап
    [sender_card_mask2] => 424242*42
    [sender_card_bank] => Test
    [sender_card_type] => visa
    [sender_card_country] => 804
    [ip] => 159.224.12.212
    [amount] => 48
    [currency] => UAH
    [sender_commission] => 0
    [receiver_commission] => 0.72
    [agent_commission] => 0
    [amount_debit] => 48
    [amount_credit] => 48
    [commission_debit] => 0
    [commission_credit] => 0.72
    [currency_debit] => UAH
    [currency_credit] => UAH
    [sender_bonus] => 0
    [amount_bonus] => 0
    [mpi_eci] => 7
    [is_3ds] => 
    [language] => uk
    [create_date] => 1749114409691
    [end_date] => 1749114409794
    [transaction_id] => 2656341786
)
05-06-2025 09:08:30
 Status: success05-06-2025 09:08:30
success05-06-2025 09:08:30
 order_id: 528805-06-2025 09:08:30
 order_id: stdClass Object
(
    [payment_id] => 2656341786
    [action] => pay
    [status] => success
    [version] => 3
    [type] => buy
    [paytype] => card
    [public_key] => sandbox_i55978728567
    [acq_id] => 414963
    [order_id] => 5288
    [liqpay_order_id] => 3SJ1REC91749114409689356
    [description] => Payment for order № 5288
    [sender_first_name] => прор
    [sender_last_name] => аап
    [sender_card_mask2] => 424242*42
    [sender_card_bank] => Test
    [sender_card_type] => visa
    [sender_card_country] => 804
    [ip] => 159.224.12.212
    [amount] => 48
    [currency] => UAH
    [sender_commission] => 0
    [receiver_commission] => 0.72
    [agent_commission] => 0
    [amount_debit] => 48
    [amount_credit] => 48
    [commission_debit] => 0
    [commission_credit] => 0.72
    [currency_debit] => UAH
    [currency_credit] => UAH
    [sender_bonus] => 0
    [amount_bonus] => 0
    [mpi_eci] => 7
    [is_3ds] => 
    [language] => uk
    [create_date] => 1749114409691
    [end_date] => 1749114409794
    [transaction_id] => 2656341786
)
18-06-2025 12:55:34
 Status: success18-06-2025 12:55:34
success18-06-2025 12:55:34
 order_id: 626218-06-2025 12:55:34
 order_id: stdClass Object
(
    [payment_id] => 2663823728
    [action] => pay
    [status] => success
    [version] => 3
    [type] => buy
    [paytype] => card
    [public_key] => sandbox_i55978728567
    [acq_id] => 414963
    [order_id] => 6262
    [liqpay_order_id] => YG0YYZGX1750251333350353
    [description] => Payment for order № 6262
    [sender_first_name] => каа
    [sender_last_name] => ва
    [sender_card_mask2] => 424242*42
    [sender_card_bank] => Test
    [sender_card_type] => visa
    [sender_card_country] => 804
    [ip] => 159.224.12.212
    [amount] => 480
    [currency] => UAH
    [sender_commission] => 0
    [receiver_commission] => 7.2
    [agent_commission] => 0
    [amount_debit] => 480
    [amount_credit] => 480
    [commission_debit] => 0
    [commission_credit] => 7.2
    [currency_debit] => UAH
    [currency_credit] => UAH
    [sender_bonus] => 0
    [amount_bonus] => 0
    [mpi_eci] => 7
    [is_3ds] => 
    [language] => uk
    [create_date] => 1750251333352
    [end_date] => 1750251333493
    [transaction_id] => 2663823728
)
18-06-2025 12:55:34
testestestetse18-06-2025 12:55:34
48018-06-2025 12:55:34
testestestetse18-06-2025 12:56:34
 Status: success18-06-2025 12:56:34
success18-06-2025 12:56:34
 order_id: 626218-06-2025 12:56:34
 order_id: stdClass Object
(
    [payment_id] => 2663823728
    [action] => pay
    [status] => success
    [version] => 3
    [type] => buy
    [paytype] => card
    [public_key] => sandbox_i55978728567
    [acq_id] => 414963
    [order_id] => 6262
    [liqpay_order_id] => YG0YYZGX1750251333350353
    [description] => Payment for order № 6262
    [sender_first_name] => каа
    [sender_last_name] => ва
    [sender_card_mask2] => 424242*42
    [sender_card_bank] => Test
    [sender_card_type] => visa
    [sender_card_country] => 804
    [ip] => 159.224.12.212
    [amount] => 480
    [currency] => UAH
    [sender_commission] => 0
    [receiver_commission] => 7.2
    [agent_commission] => 0
    [amount_debit] => 480
    [amount_credit] => 480
    [commission_debit] => 0
    [commission_credit] => 7.2
    [currency_debit] => UAH
    [currency_credit] => UAH
    [sender_bonus] => 0
    [amount_bonus] => 0
    [mpi_eci] => 7
    [is_3ds] => 
    [language] => uk
    [create_date] => 1750251333352
    [end_date] => 1750251333493
    [transaction_id] => 2663823728
)
18-06-2025 12:57:14
 Status: success18-06-2025 12:57:14
success18-06-2025 12:57:14
 order_id: 626218-06-2025 12:57:14
 order_id: stdClass Object
(
    [payment_id] => 2663823728
    [action] => pay
    [status] => success
    [version] => 3
    [type] => buy
    [paytype] => card
    [public_key] => sandbox_i55978728567
    [acq_id] => 414963
    [order_id] => 6262
    [liqpay_order_id] => YG0YYZGX1750251333350353
    [description] => Payment for order № 6262
    [sender_first_name] => каа
    [sender_last_name] => ва
    [sender_card_mask2] => 424242*42
    [sender_card_bank] => Test
    [sender_card_type] => visa
    [sender_card_country] => 804
    [ip] => 159.224.12.212
    [amount] => 480
    [currency] => UAH
    [sender_commission] => 0
    [receiver_commission] => 7.2
    [agent_commission] => 0
    [amount_debit] => 480
    [amount_credit] => 480
    [commission_debit] => 0
    [commission_credit] => 7.2
    [currency_debit] => UAH
    [currency_credit] => UAH
    [sender_bonus] => 0
    [amount_bonus] => 0
    [mpi_eci] => 7
    [is_3ds] => 
    [language] => uk
    [create_date] => 1750251333352
    [end_date] => 1750251333493
    [transaction_id] => 2663823728
)
18-06-2025 12:57:14
 Status: success18-06-2025 12:57:14
success18-06-2025 12:57:14
 order_id: 626218-06-2025 12:57:14
 order_id: stdClass Object
(
    [payment_id] => 2663823728
    [action] => pay
    [status] => success
    [version] => 3
    [type] => buy
    [paytype] => card
    [public_key] => sandbox_i55978728567
    [acq_id] => 414963
    [order_id] => 6262
    [liqpay_order_id] => YG0YYZGX1750251333350353
    [description] => Payment for order № 6262
    [sender_first_name] => каа
    [sender_last_name] => ва
    [sender_card_mask2] => 424242*42
    [sender_card_bank] => Test
    [sender_card_type] => visa
    [sender_card_country] => 804
    [ip] => 159.224.12.212
    [amount] => 480
    [currency] => UAH
    [sender_commission] => 0
    [receiver_commission] => 7.2
    [agent_commission] => 0
    [amount_debit] => 480
    [amount_credit] => 480
    [commission_debit] => 0
    [commission_credit] => 7.2
    [currency_debit] => UAH
    [currency_credit] => UAH
    [sender_bonus] => 0
    [amount_bonus] => 0
    [mpi_eci] => 7
    [is_3ds] => 
    [language] => uk
    [create_date] => 1750251333352
    [end_date] => 1750251333493
    [transaction_id] => 2663823728
)
18-06-2025 13:20:17
 Status: success18-06-2025 13:20:17
success18-06-2025 13:20:17
 order_id: 626318-06-2025 13:20:17
 order_id: stdClass Object
(
    [payment_id] => 2663837635
    [action] => pay
    [status] => success
    [version] => 3
    [type] => buy
    [paytype] => card
    [public_key] => sandbox_i55978728567
    [acq_id] => 414963
    [order_id] => 6263
    [liqpay_order_id] => JJ47PPKX1750252817089420
    [description] => Payment for order № 6263
    [sender_first_name] => ипа
    [sender_last_name] => паа
    [sender_card_mask2] => 424242*42
    [sender_card_bank] => Test
    [sender_card_type] => visa
    [sender_card_country] => 804
    [ip] => 159.224.12.212
    [amount] => 340
    [currency] => UAH
    [sender_commission] => 0
    [receiver_commission] => 5.1
    [agent_commission] => 0
    [amount_debit] => 340
    [amount_credit] => 340
    [commission_debit] => 0
    [commission_credit] => 5.1
    [currency_debit] => UAH
    [currency_credit] => UAH
    [sender_bonus] => 0
    [amount_bonus] => 0
    [mpi_eci] => 7
    [is_3ds] => 
    [language] => uk
    [create_date] => 1750252817092
    [end_date] => 1750252817251
    [transaction_id] => 2663837635
)
18-06-2025 13:20:17
testestestetse18-06-2025 13:20:17
34018-06-2025 13:20:17
testestestetse18-06-2025 13:21:18
 Status: success18-06-2025 13:21:18
success18-06-2025 13:21:18
 order_id: 626318-06-2025 13:21:18
 order_id: stdClass Object
(
    [payment_id] => 2663837635
    [action] => pay
    [status] => success
    [version] => 3
    [type] => buy
    [paytype] => card
    [public_key] => sandbox_i55978728567
    [acq_id] => 414963
    [order_id] => 6263
    [liqpay_order_id] => JJ47PPKX1750252817089420
    [description] => Payment for order № 6263
    [sender_first_name] => ипа
    [sender_last_name] => паа
    [sender_card_mask2] => 424242*42
    [sender_card_bank] => Test
    [sender_card_type] => visa
    [sender_card_country] => 804
    [ip] => 159.224.12.212
    [amount] => 340
    [currency] => UAH
    [sender_commission] => 0
    [receiver_commission] => 5.1
    [agent_commission] => 0
    [amount_debit] => 340
    [amount_credit] => 340
    [commission_debit] => 0
    [commission_credit] => 5.1
    [currency_debit] => UAH
    [currency_credit] => UAH
    [sender_bonus] => 0
    [amount_bonus] => 0
    [mpi_eci] => 7
    [is_3ds] => 
    [language] => uk
    [create_date] => 1750252817092
    [end_date] => 1750252817251
    [transaction_id] => 2663837635
)
18-06-2025 13:21:58
 Status: success18-06-2025 13:21:58
success18-06-2025 13:21:58
 order_id: 626318-06-2025 13:21:58
 order_id: stdClass Object
(
    [payment_id] => 2663837635
    [action] => pay
    [status] => success
    [version] => 3
    [type] => buy
    [paytype] => card
    [public_key] => sandbox_i55978728567
    [acq_id] => 414963
    [order_id] => 6263
    [liqpay_order_id] => JJ47PPKX1750252817089420
    [description] => Payment for order № 6263
    [sender_first_name] => ипа
    [sender_last_name] => паа
    [sender_card_mask2] => 424242*42
    [sender_card_bank] => Test
    [sender_card_type] => visa
    [sender_card_country] => 804
    [ip] => 159.224.12.212
    [amount] => 340
    [currency] => UAH
    [sender_commission] => 0
    [receiver_commission] => 5.1
    [agent_commission] => 0
    [amount_debit] => 340
    [amount_credit] => 340
    [commission_debit] => 0
    [commission_credit] => 5.1
    [currency_debit] => UAH
    [currency_credit] => UAH
    [sender_bonus] => 0
    [amount_bonus] => 0
    [mpi_eci] => 7
    [is_3ds] => 
    [language] => uk
    [create_date] => 1750252817092
    [end_date] => 1750252817251
    [transaction_id] => 2663837635
)
18-06-2025 13:21:58
 Status: success18-06-2025 13:21:58
success18-06-2025 13:21:58
 order_id: 626318-06-2025 13:21:58
 order_id: stdClass Object
(
    [payment_id] => 2663837635
    [action] => pay
    [status] => success
    [version] => 3
    [type] => buy
    [paytype] => card
    [public_key] => sandbox_i55978728567
    [acq_id] => 414963
    [order_id] => 6263
    [liqpay_order_id] => JJ47PPKX1750252817089420
    [description] => Payment for order № 6263
    [sender_first_name] => ипа
    [sender_last_name] => паа
    [sender_card_mask2] => 424242*42
    [sender_card_bank] => Test
    [sender_card_type] => visa
    [sender_card_country] => 804
    [ip] => 159.224.12.212
    [amount] => 340
    [currency] => UAH
    [sender_commission] => 0
    [receiver_commission] => 5.1
    [agent_commission] => 0
    [amount_debit] => 340
    [amount_credit] => 340
    [commission_debit] => 0
    [commission_credit] => 5.1
    [currency_debit] => UAH
    [currency_credit] => UAH
    [sender_bonus] => 0
    [amount_bonus] => 0
    [mpi_eci] => 7
    [is_3ds] => 
    [language] => uk
    [create_date] => 1750252817092
    [end_date] => 1750252817251
    [transaction_id] => 2663837635
)
18-06-2025 13:23:22
 Status: success18-06-2025 13:23:22
success18-06-2025 13:23:22
 order_id: 626418-06-2025 13:23:22
 order_id: stdClass Object
(
    [payment_id] => 2663839316
    [action] => pay
    [status] => success
    [version] => 3
    [type] => buy
    [paytype] => card
    [public_key] => sandbox_i55978728567
    [acq_id] => 414963
    [order_id] => 6264
    [liqpay_order_id] => 3W7FR2CP1750253001669568
    [description] => Payment for order № 6264
    [sender_first_name] => про
    [sender_last_name] => апр
    [sender_card_mask2] => 424242*42
    [sender_card_bank] => Test
    [sender_card_type] => visa
    [sender_card_country] => 804
    [ip] => 159.224.12.212
    [amount] => 220
    [currency] => UAH
    [sender_commission] => 0
    [receiver_commission] => 3.3
    [agent_commission] => 0
    [amount_debit] => 220
    [amount_credit] => 220
    [commission_debit] => 0
    [commission_credit] => 3.3
    [currency_debit] => UAH
    [currency_credit] => UAH
    [sender_bonus] => 0
    [amount_bonus] => 0
    [mpi_eci] => 7
    [is_3ds] => 
    [language] => uk
    [create_date] => 1750253001672
    [end_date] => 1750253001825
    [transaction_id] => 2663839316
)
18-06-2025 13:23:22
testestestetse18-06-2025 13:23:22
22018-06-2025 13:23:22
testestestetse18-06-2025 13:24:22
 Status: success18-06-2025 13:24:22
success18-06-2025 13:24:22
 order_id: 626418-06-2025 13:24:22
 order_id: stdClass Object
(
    [payment_id] => 2663839316
    [action] => pay
    [status] => success
    [version] => 3
    [type] => buy
    [paytype] => card
    [public_key] => sandbox_i55978728567
    [acq_id] => 414963
    [order_id] => 6264
    [liqpay_order_id] => 3W7FR2CP1750253001669568
    [description] => Payment for order № 6264
    [sender_first_name] => про
    [sender_last_name] => апр
    [sender_card_mask2] => 424242*42
    [sender_card_bank] => Test
    [sender_card_type] => visa
    [sender_card_country] => 804
    [ip] => 159.224.12.212
    [amount] => 220
    [currency] => UAH
    [sender_commission] => 0
    [receiver_commission] => 3.3
    [agent_commission] => 0
    [amount_debit] => 220
    [amount_credit] => 220
    [commission_debit] => 0
    [commission_credit] => 3.3
    [currency_debit] => UAH
    [currency_credit] => UAH
    [sender_bonus] => 0
    [amount_bonus] => 0
    [mpi_eci] => 7
    [is_3ds] => 
    [language] => uk
    [create_date] => 1750253001672
    [end_date] => 1750253001825
    [transaction_id] => 2663839316
)
18-06-2025 13:25:02
 Status: success18-06-2025 13:25:02
success18-06-2025 13:25:02
 order_id: 626418-06-2025 13:25:02
 order_id: stdClass Object
(
    [payment_id] => 2663839316
    [action] => pay
    [status] => success
    [version] => 3
    [type] => buy
    [paytype] => card
    [public_key] => sandbox_i55978728567
    [acq_id] => 414963
    [order_id] => 6264
    [liqpay_order_id] => 3W7FR2CP1750253001669568
    [description] => Payment for order № 6264
    [sender_first_name] => про
    [sender_last_name] => апр
    [sender_card_mask2] => 424242*42
    [sender_card_bank] => Test
    [sender_card_type] => visa
    [sender_card_country] => 804
    [ip] => 159.224.12.212
    [amount] => 220
    [currency] => UAH
    [sender_commission] => 0
    [receiver_commission] => 3.3
    [agent_commission] => 0
    [amount_debit] => 220
    [amount_credit] => 220
    [commission_debit] => 0
    [commission_credit] => 3.3
    [currency_debit] => UAH
    [currency_credit] => UAH
    [sender_bonus] => 0
    [amount_bonus] => 0
    [mpi_eci] => 7
    [is_3ds] => 
    [language] => uk
    [create_date] => 1750253001672
    [end_date] => 1750253001825
    [transaction_id] => 2663839316
)
18-06-2025 13:25:02
 Status: success18-06-2025 13:25:02
success18-06-2025 13:25:02
 order_id: 626418-06-2025 13:25:02
 order_id: stdClass Object
(
    [payment_id] => 2663839316
    [action] => pay
    [status] => success
    [version] => 3
    [type] => buy
    [paytype] => card
    [public_key] => sandbox_i55978728567
    [acq_id] => 414963
    [order_id] => 6264
    [liqpay_order_id] => 3W7FR2CP1750253001669568
    [description] => Payment for order № 6264
    [sender_first_name] => про
    [sender_last_name] => апр
    [sender_card_mask2] => 424242*42
    [sender_card_bank] => Test
    [sender_card_type] => visa
    [sender_card_country] => 804
    [ip] => 159.224.12.212
    [amount] => 220
    [currency] => UAH
    [sender_commission] => 0
    [receiver_commission] => 3.3
    [agent_commission] => 0
    [amount_debit] => 220
    [amount_credit] => 220
    [commission_debit] => 0
    [commission_credit] => 3.3
    [currency_debit] => UAH
    [currency_credit] => UAH
    [sender_bonus] => 0
    [amount_bonus] => 0
    [mpi_eci] => 7
    [is_3ds] => 
    [language] => uk
    [create_date] => 1750253001672
    [end_date] => 1750253001825
    [transaction_id] => 2663839316
)
18-06-2025 13:26:42
 Status: success18-06-2025 13:26:42
success18-06-2025 13:26:42
 order_id: 626518-06-2025 13:26:42
 order_id: stdClass Object
(
    [payment_id] => 2663841102
    [action] => pay
    [status] => success
    [version] => 3
    [type] => buy
    [paytype] => card
    [public_key] => sandbox_i55978728567
    [acq_id] => 414963
    [order_id] => 6265
    [liqpay_order_id] => Z8V5RBRE1750253201465282
    [description] => Payment for order № 6265
    [sender_first_name] => уми
    [sender_last_name] => уап
    [sender_card_mask2] => 424242*42
    [sender_card_bank] => Test
    [sender_card_type] => visa
    [sender_card_country] => 804
    [ip] => 159.224.12.212
    [amount] => 700
    [currency] => UAH
    [sender_commission] => 0
    [receiver_commission] => 10.5
    [agent_commission] => 0
    [amount_debit] => 700
    [amount_credit] => 700
    [commission_debit] => 0
    [commission_credit] => 10.5
    [currency_debit] => UAH
    [currency_credit] => UAH
    [sender_bonus] => 0
    [amount_bonus] => 0
    [mpi_eci] => 7
    [is_3ds] => 
    [language] => uk
    [create_date] => 1750253201467
    [end_date] => 1750253201598
    [transaction_id] => 2663841102
)
18-06-2025 13:26:42
testestestetse18-06-2025 13:26:42
70018-06-2025 13:26:42
testestestetse18-06-2025 13:27:42
 Status: success18-06-2025 13:27:42
success18-06-2025 13:27:42
 order_id: 626518-06-2025 13:27:42
 order_id: stdClass Object
(
    [payment_id] => 2663841102
    [action] => pay
    [status] => success
    [version] => 3
    [type] => buy
    [paytype] => card
    [public_key] => sandbox_i55978728567
    [acq_id] => 414963
    [order_id] => 6265
    [liqpay_order_id] => Z8V5RBRE1750253201465282
    [description] => Payment for order № 6265
    [sender_first_name] => уми
    [sender_last_name] => уап
    [sender_card_mask2] => 424242*42
    [sender_card_bank] => Test
    [sender_card_type] => visa
    [sender_card_country] => 804
    [ip] => 159.224.12.212
    [amount] => 700
    [currency] => UAH
    [sender_commission] => 0
    [receiver_commission] => 10.5
    [agent_commission] => 0
    [amount_debit] => 700
    [amount_credit] => 700
    [commission_debit] => 0
    [commission_credit] => 10.5
    [currency_debit] => UAH
    [currency_credit] => UAH
    [sender_bonus] => 0
    [amount_bonus] => 0
    [mpi_eci] => 7
    [is_3ds] => 
    [language] => uk
    [create_date] => 1750253201467
    [end_date] => 1750253201598
    [transaction_id] => 2663841102
)
18-06-2025 13:28:22
 Status: success18-06-2025 13:28:22
success18-06-2025 13:28:22
 order_id: 626518-06-2025 13:28:22
 order_id: stdClass Object
(
    [payment_id] => 2663841102
    [action] => pay
    [status] => success
    [version] => 3
    [type] => buy
    [paytype] => card
    [public_key] => sandbox_i55978728567
    [acq_id] => 414963
    [order_id] => 6265
    [liqpay_order_id] => Z8V5RBRE1750253201465282
    [description] => Payment for order № 6265
    [sender_first_name] => уми
    [sender_last_name] => уап
    [sender_card_mask2] => 424242*42
    [sender_card_bank] => Test
    [sender_card_type] => visa
    [sender_card_country] => 804
    [ip] => 159.224.12.212
    [amount] => 700
    [currency] => UAH
    [sender_commission] => 0
    [receiver_commission] => 10.5
    [agent_commission] => 0
    [amount_debit] => 700
    [amount_credit] => 700
    [commission_debit] => 0
    [commission_credit] => 10.5
    [currency_debit] => UAH
    [currency_credit] => UAH
    [sender_bonus] => 0
    [amount_bonus] => 0
    [mpi_eci] => 7
    [is_3ds] => 
    [language] => uk
    [create_date] => 1750253201467
    [end_date] => 1750253201598
    [transaction_id] => 2663841102
)
18-06-2025 13:28:22
 Status: success18-06-2025 13:28:22
success18-06-2025 13:28:22
 order_id: 626518-06-2025 13:28:22
 order_id: stdClass Object
(
    [payment_id] => 2663841102
    [action] => pay
    [status] => success
    [version] => 3
    [type] => buy
    [paytype] => card
    [public_key] => sandbox_i55978728567
    [acq_id] => 414963
    [order_id] => 6265
    [liqpay_order_id] => Z8V5RBRE1750253201465282
    [description] => Payment for order № 6265
    [sender_first_name] => уми
    [sender_last_name] => уап
    [sender_card_mask2] => 424242*42
    [sender_card_bank] => Test
    [sender_card_type] => visa
    [sender_card_country] => 804
    [ip] => 159.224.12.212
    [amount] => 700
    [currency] => UAH
    [sender_commission] => 0
    [receiver_commission] => 10.5
    [agent_commission] => 0
    [amount_debit] => 700
    [amount_credit] => 700
    [commission_debit] => 0
    [commission_credit] => 10.5
    [currency_debit] => UAH
    [currency_credit] => UAH
    [sender_bonus] => 0
    [amount_bonus] => 0
    [mpi_eci] => 7
    [is_3ds] => 
    [language] => uk
    [create_date] => 1750253201467
    [end_date] => 1750253201598
    [transaction_id] => 2663841102
)
20-06-2025 10:28:16
 Status: success20-06-2025 10:28:16
success20-06-2025 10:28:16
 order_id: 638120-06-2025 10:28:16
 order_id: stdClass Object
(
    [payment_id] => 2664994683
    [action] => pay
    [status] => success
    [version] => 3
    [type] => buy
    [paytype] => card
    [public_key] => sandbox_i55978728567
    [acq_id] => 414963
    [order_id] => 6381
    [liqpay_order_id] => D8537F061750415295616431
    [description] => Payment for order № 6381
    [sender_first_name] => апп
    [sender_last_name] => ваваа
    [sender_card_mask2] => 424242*42
    [sender_card_bank] => Test
    [sender_card_type] => visa
    [sender_card_country] => 804
    [ip] => 159.224.12.212
    [amount] => 425
    [currency] => UAH
    [sender_commission] => 0
    [receiver_commission] => 6.38
    [agent_commission] => 0
    [amount_debit] => 425
    [amount_credit] => 425
    [commission_debit] => 0
    [commission_credit] => 6.38
    [currency_debit] => UAH
    [currency_credit] => UAH
    [sender_bonus] => 0
    [amount_bonus] => 0
    [mpi_eci] => 7
    [is_3ds] => 
    [language] => uk
    [create_date] => 1750415295618
    [end_date] => 1750415295708
    [transaction_id] => 2664994683
)
20-06-2025 10:28:16
testestestetse20-06-2025 10:28:16
42520-06-2025 10:28:16
testestestetse20-06-2025 10:29:17
 Status: success20-06-2025 10:29:17
success20-06-2025 10:29:17
 order_id: 638120-06-2025 10:29:17
 order_id: stdClass Object
(
    [payment_id] => 2664994683
    [action] => pay
    [status] => success
    [version] => 3
    [type] => buy
    [paytype] => card
    [public_key] => sandbox_i55978728567
    [acq_id] => 414963
    [order_id] => 6381
    [liqpay_order_id] => D8537F061750415295616431
    [description] => Payment for order № 6381
    [sender_first_name] => апп
    [sender_last_name] => ваваа
    [sender_card_mask2] => 424242*42
    [sender_card_bank] => Test
    [sender_card_type] => visa
    [sender_card_country] => 804
    [ip] => 159.224.12.212
    [amount] => 425
    [currency] => UAH
    [sender_commission] => 0
    [receiver_commission] => 6.38
    [agent_commission] => 0
    [amount_debit] => 425
    [amount_credit] => 425
    [commission_debit] => 0
    [commission_credit] => 6.38
    [currency_debit] => UAH
    [currency_credit] => UAH
    [sender_bonus] => 0
    [amount_bonus] => 0
    [mpi_eci] => 7
    [is_3ds] => 
    [language] => uk
    [create_date] => 1750415295618
    [end_date] => 1750415295708
    [transaction_id] => 2664994683
)
20-06-2025 10:29:56
 Status: success20-06-2025 10:29:56
success20-06-2025 10:29:56
 order_id: 638120-06-2025 10:29:56
 order_id: stdClass Object
(
    [payment_id] => 2664994683
    [action] => pay
    [status] => success
    [version] => 3
    [type] => buy
    [paytype] => card
    [public_key] => sandbox_i55978728567
    [acq_id] => 414963
    [order_id] => 6381
    [liqpay_order_id] => D8537F061750415295616431
    [description] => Payment for order № 6381
    [sender_first_name] => апп
    [sender_last_name] => ваваа
    [sender_card_mask2] => 424242*42
    [sender_card_bank] => Test
    [sender_card_type] => visa
    [sender_card_country] => 804
    [ip] => 159.224.12.212
    [amount] => 425
    [currency] => UAH
    [sender_commission] => 0
    [receiver_commission] => 6.38
    [agent_commission] => 0
    [amount_debit] => 425
    [amount_credit] => 425
    [commission_debit] => 0
    [commission_credit] => 6.38
    [currency_debit] => UAH
    [currency_credit] => UAH
    [sender_bonus] => 0
    [amount_bonus] => 0
    [mpi_eci] => 7
    [is_3ds] => 
    [language] => uk
    [create_date] => 1750415295618
    [end_date] => 1750415295708
    [transaction_id] => 2664994683
)
20-06-2025 10:29:56
 Status: success20-06-2025 10:29:56
success20-06-2025 10:29:56
 order_id: 638120-06-2025 10:29:56
 order_id: stdClass Object
(
    [payment_id] => 2664994683
    [action] => pay
    [status] => success
    [version] => 3
    [type] => buy
    [paytype] => card
    [public_key] => sandbox_i55978728567
    [acq_id] => 414963
    [order_id] => 6381
    [liqpay_order_id] => D8537F061750415295616431
    [description] => Payment for order № 6381
    [sender_first_name] => апп
    [sender_last_name] => ваваа
    [sender_card_mask2] => 424242*42
    [sender_card_bank] => Test
    [sender_card_type] => visa
    [sender_card_country] => 804
    [ip] => 159.224.12.212
    [amount] => 425
    [currency] => UAH
    [sender_commission] => 0
    [receiver_commission] => 6.38
    [agent_commission] => 0
    [amount_debit] => 425
    [amount_credit] => 425
    [commission_debit] => 0
    [commission_credit] => 6.38
    [currency_debit] => UAH
    [currency_credit] => UAH
    [sender_bonus] => 0
    [amount_bonus] => 0
    [mpi_eci] => 7
    [is_3ds] => 
    [language] => uk
    [create_date] => 1750415295618
    [end_date] => 1750415295708
    [transaction_id] => 2664994683
)
20-06-2025 10:33:18
 Status: success20-06-2025 10:33:18
success20-06-2025 10:33:18
 order_id: 638220-06-2025 10:33:18
 order_id: stdClass Object
(
    [payment_id] => 2664999824
    [action] => pay
    [status] => success
    [version] => 3
    [type] => buy
    [paytype] => card
    [public_key] => sandbox_i55978728567
    [acq_id] => 414963
    [order_id] => 6382
    [liqpay_order_id] => 99EXDE6K1750415597863345
    [description] => Payment for order № 6382
    [sender_first_name] => апр
    [sender_last_name] => вап
    [sender_card_mask2] => 424242*42
    [sender_card_bank] => Test
    [sender_card_type] => visa
    [sender_card_country] => 804
    [ip] => 159.224.12.212
    [amount] => 880
    [currency] => UAH
    [sender_commission] => 0
    [receiver_commission] => 13.2
    [agent_commission] => 0
    [amount_debit] => 880
    [amount_credit] => 880
    [commission_debit] => 0
    [commission_credit] => 13.2
    [currency_debit] => UAH
    [currency_credit] => UAH
    [sender_bonus] => 0
    [amount_bonus] => 0
    [mpi_eci] => 7
    [is_3ds] => 
    [language] => uk
    [create_date] => 1750415597865
    [end_date] => 1750415598036
    [transaction_id] => 2664999824
)
20-06-2025 10:33:18
testestestetse20-06-2025 10:33:18
88020-06-2025 10:33:18
testestestetse20-06-2025 10:34:18
 Status: success20-06-2025 10:34:18
success20-06-2025 10:34:18
 order_id: 638220-06-2025 10:34:18
 order_id: stdClass Object
(
    [payment_id] => 2664999824
    [action] => pay
    [status] => success
    [version] => 3
    [type] => buy
    [paytype] => card
    [public_key] => sandbox_i55978728567
    [acq_id] => 414963
    [order_id] => 6382
    [liqpay_order_id] => 99EXDE6K1750415597863345
    [description] => Payment for order № 6382
    [sender_first_name] => апр
    [sender_last_name] => вап
    [sender_card_mask2] => 424242*42
    [sender_card_bank] => Test
    [sender_card_type] => visa
    [sender_card_country] => 804
    [ip] => 159.224.12.212
    [amount] => 880
    [currency] => UAH
    [sender_commission] => 0
    [receiver_commission] => 13.2
    [agent_commission] => 0
    [amount_debit] => 880
    [amount_credit] => 880
    [commission_debit] => 0
    [commission_credit] => 13.2
    [currency_debit] => UAH
    [currency_credit] => UAH
    [sender_bonus] => 0
    [amount_bonus] => 0
    [mpi_eci] => 7
    [is_3ds] => 
    [language] => uk
    [create_date] => 1750415597865
    [end_date] => 1750415598036
    [transaction_id] => 2664999824
)
20-06-2025 10:34:58
 Status: success20-06-2025 10:34:58
success20-06-2025 10:34:58
 order_id: 638220-06-2025 10:34:58
 order_id: stdClass Object
(
    [payment_id] => 2664999824
    [action] => pay
    [status] => success
    [version] => 3
    [type] => buy
    [paytype] => card
    [public_key] => sandbox_i55978728567
    [acq_id] => 414963
    [order_id] => 6382
    [liqpay_order_id] => 99EXDE6K1750415597863345
    [description] => Payment for order № 6382
    [sender_first_name] => апр
    [sender_last_name] => вап
    [sender_card_mask2] => 424242*42
    [sender_card_bank] => Test
    [sender_card_type] => visa
    [sender_card_country] => 804
    [ip] => 159.224.12.212
    [amount] => 880
    [currency] => UAH
    [sender_commission] => 0
    [receiver_commission] => 13.2
    [agent_commission] => 0
    [amount_debit] => 880
    [amount_credit] => 880
    [commission_debit] => 0
    [commission_credit] => 13.2
    [currency_debit] => UAH
    [currency_credit] => UAH
    [sender_bonus] => 0
    [amount_bonus] => 0
    [mpi_eci] => 7
    [is_3ds] => 
    [language] => uk
    [create_date] => 1750415597865
    [end_date] => 1750415598036
    [transaction_id] => 2664999824
)
20-06-2025 10:34:58
 Status: success20-06-2025 10:34:58
success20-06-2025 10:34:58
 order_id: 638220-06-2025 10:34:58
 order_id: stdClass Object
(
    [payment_id] => 2664999824
    [action] => pay
    [status] => success
    [version] => 3
    [type] => buy
    [paytype] => card
    [public_key] => sandbox_i55978728567
    [acq_id] => 414963
    [order_id] => 6382
    [liqpay_order_id] => 99EXDE6K1750415597863345
    [description] => Payment for order № 6382
    [sender_first_name] => апр
    [sender_last_name] => вап
    [sender_card_mask2] => 424242*42
    [sender_card_bank] => Test
    [sender_card_type] => visa
    [sender_card_country] => 804
    [ip] => 159.224.12.212
    [amount] => 880
    [currency] => UAH
    [sender_commission] => 0
    [receiver_commission] => 13.2
    [agent_commission] => 0
    [amount_debit] => 880
    [amount_credit] => 880
    [commission_debit] => 0
    [commission_credit] => 13.2
    [currency_debit] => UAH
    [currency_credit] => UAH
    [sender_bonus] => 0
    [amount_bonus] => 0
    [mpi_eci] => 7
    [is_3ds] => 
    [language] => uk
    [create_date] => 1750415597865
    [end_date] => 1750415598036
    [transaction_id] => 2664999824
)
20-06-2025 10:41:39
 Status: success20-06-2025 10:41:39
success20-06-2025 10:41:39
 order_id: 638320-06-2025 10:41:39
 order_id: stdClass Object
(
    [payment_id] => 2665007588
    [action] => pay
    [status] => success
    [version] => 3
    [type] => buy
    [paytype] => card
    [public_key] => sandbox_i55978728567
    [acq_id] => 414963
    [order_id] => 6383
    [liqpay_order_id] => B5Q10QJT1750416099012243
    [description] => Payment for order № 6383
    [sender_first_name] => апр
    [sender_last_name] => апр
    [sender_card_mask2] => 424242*42
    [sender_card_bank] => Test
    [sender_card_type] => visa
    [sender_card_country] => 804
    [ip] => 159.224.12.212
    [amount] => 110
    [currency] => UAH
    [sender_commission] => 0
    [receiver_commission] => 1.65
    [agent_commission] => 0
    [amount_debit] => 110
    [amount_credit] => 110
    [commission_debit] => 0
    [commission_credit] => 1.65
    [currency_debit] => UAH
    [currency_credit] => UAH
    [sender_bonus] => 0
    [amount_bonus] => 0
    [mpi_eci] => 7
    [is_3ds] => 
    [language] => uk
    [create_date] => 1750416099014
    [end_date] => 1750416099108
    [transaction_id] => 2665007588
)
20-06-2025 10:41:39
testestestetse20-06-2025 10:41:39
11020-06-2025 10:41:39
testestestetse20-06-2025 10:42:39
 Status: success20-06-2025 10:42:39
success20-06-2025 10:42:39
 order_id: 638320-06-2025 10:42:39
 order_id: stdClass Object
(
    [payment_id] => 2665007588
    [action] => pay
    [status] => success
    [version] => 3
    [type] => buy
    [paytype] => card
    [public_key] => sandbox_i55978728567
    [acq_id] => 414963
    [order_id] => 6383
    [liqpay_order_id] => B5Q10QJT1750416099012243
    [description] => Payment for order № 6383
    [sender_first_name] => апр
    [sender_last_name] => апр
    [sender_card_mask2] => 424242*42
    [sender_card_bank] => Test
    [sender_card_type] => visa
    [sender_card_country] => 804
    [ip] => 159.224.12.212
    [amount] => 110
    [currency] => UAH
    [sender_commission] => 0
    [receiver_commission] => 1.65
    [agent_commission] => 0
    [amount_debit] => 110
    [amount_credit] => 110
    [commission_debit] => 0
    [commission_credit] => 1.65
    [currency_debit] => UAH
    [currency_credit] => UAH
    [sender_bonus] => 0
    [amount_bonus] => 0
    [mpi_eci] => 7
    [is_3ds] => 
    [language] => uk
    [create_date] => 1750416099014
    [end_date] => 1750416099108
    [transaction_id] => 2665007588
)
20-06-2025 10:43:20
 Status: success20-06-2025 10:43:20
success20-06-2025 10:43:20
 order_id: 638320-06-2025 10:43:20
 order_id: stdClass Object
(
    [payment_id] => 2665007588
    [action] => pay
    [status] => success
    [version] => 3
    [type] => buy
    [paytype] => card
    [public_key] => sandbox_i55978728567
    [acq_id] => 414963
    [order_id] => 6383
    [liqpay_order_id] => B5Q10QJT1750416099012243
    [description] => Payment for order № 6383
    [sender_first_name] => апр
    [sender_last_name] => апр
    [sender_card_mask2] => 424242*42
    [sender_card_bank] => Test
    [sender_card_type] => visa
    [sender_card_country] => 804
    [ip] => 159.224.12.212
    [amount] => 110
    [currency] => UAH
    [sender_commission] => 0
    [receiver_commission] => 1.65
    [agent_commission] => 0
    [amount_debit] => 110
    [amount_credit] => 110
    [commission_debit] => 0
    [commission_credit] => 1.65
    [currency_debit] => UAH
    [currency_credit] => UAH
    [sender_bonus] => 0
    [amount_bonus] => 0
    [mpi_eci] => 7
    [is_3ds] => 
    [language] => uk
    [create_date] => 1750416099014
    [end_date] => 1750416099108
    [transaction_id] => 2665007588
)
20-06-2025 10:43:20
 Status: success20-06-2025 10:43:20
success20-06-2025 10:43:20
 order_id: 638320-06-2025 10:43:20
 order_id: stdClass Object
(
    [payment_id] => 2665007588
    [action] => pay
    [status] => success
    [version] => 3
    [type] => buy
    [paytype] => card
    [public_key] => sandbox_i55978728567
    [acq_id] => 414963
    [order_id] => 6383
    [liqpay_order_id] => B5Q10QJT1750416099012243
    [description] => Payment for order № 6383
    [sender_first_name] => апр
    [sender_last_name] => апр
    [sender_card_mask2] => 424242*42
    [sender_card_bank] => Test
    [sender_card_type] => visa
    [sender_card_country] => 804
    [ip] => 159.224.12.212
    [amount] => 110
    [currency] => UAH
    [sender_commission] => 0
    [receiver_commission] => 1.65
    [agent_commission] => 0
    [amount_debit] => 110
    [amount_credit] => 110
    [commission_debit] => 0
    [commission_credit] => 1.65
    [currency_debit] => UAH
    [currency_credit] => UAH
    [sender_bonus] => 0
    [amount_bonus] => 0
    [mpi_eci] => 7
    [is_3ds] => 
    [language] => uk
    [create_date] => 1750416099014
    [end_date] => 1750416099108
    [transaction_id] => 2665007588
)
20-06-2025 10:45:17
 Status: success20-06-2025 10:45:17
success20-06-2025 10:45:17
 order_id: 638420-06-2025 10:45:17
 order_id: stdClass Object
(
    [payment_id] => 2665010167
    [action] => pay
    [status] => success
    [version] => 3
    [type] => buy
    [paytype] => card
    [public_key] => sandbox_i55978728567
    [acq_id] => 414963
    [order_id] => 6384
    [liqpay_order_id] => C4IHYV4C1750416316696764
    [description] => Payment for order № 6384
    [sender_first_name] => про
    [sender_last_name] => апе
    [sender_card_mask2] => 424242*42
    [sender_card_bank] => Test
    [sender_card_type] => visa
    [sender_card_country] => 804
    [ip] => 159.224.12.212
    [amount] => 125
    [currency] => UAH
    [sender_commission] => 0
    [receiver_commission] => 1.88
    [agent_commission] => 0
    [amount_debit] => 125
    [amount_credit] => 125
    [commission_debit] => 0
    [commission_credit] => 1.88
    [currency_debit] => UAH
    [currency_credit] => UAH
    [sender_bonus] => 0
    [amount_bonus] => 0
    [mpi_eci] => 7
    [is_3ds] => 
    [language] => uk
    [create_date] => 1750416316699
    [end_date] => 1750416316848
    [transaction_id] => 2665010167
)
20-06-2025 10:45:17
testestestetse20-06-2025 10:45:17
12520-06-2025 10:45:17
testestestetse20-06-2025 10:46:17
 Status: success20-06-2025 10:46:17
success20-06-2025 10:46:17
 order_id: 638420-06-2025 10:46:17
 order_id: stdClass Object
(
    [payment_id] => 2665010167
    [action] => pay
    [status] => success
    [version] => 3
    [type] => buy
    [paytype] => card
    [public_key] => sandbox_i55978728567
    [acq_id] => 414963
    [order_id] => 6384
    [liqpay_order_id] => C4IHYV4C1750416316696764
    [description] => Payment for order № 6384
    [sender_first_name] => про
    [sender_last_name] => апе
    [sender_card_mask2] => 424242*42
    [sender_card_bank] => Test
    [sender_card_type] => visa
    [sender_card_country] => 804
    [ip] => 159.224.12.212
    [amount] => 125
    [currency] => UAH
    [sender_commission] => 0
    [receiver_commission] => 1.88
    [agent_commission] => 0
    [amount_debit] => 125
    [amount_credit] => 125
    [commission_debit] => 0
    [commission_credit] => 1.88
    [currency_debit] => UAH
    [currency_credit] => UAH
    [sender_bonus] => 0
    [amount_bonus] => 0
    [mpi_eci] => 7
    [is_3ds] => 
    [language] => uk
    [create_date] => 1750416316699
    [end_date] => 1750416316848
    [transaction_id] => 2665010167
)
20-06-2025 10:46:57
 Status: success20-06-2025 10:46:57
success20-06-2025 10:46:57
 order_id: 638420-06-2025 10:46:57
 order_id: stdClass Object
(
    [payment_id] => 2665010167
    [action] => pay
    [status] => success
    [version] => 3
    [type] => buy
    [paytype] => card
    [public_key] => sandbox_i55978728567
    [acq_id] => 414963
    [order_id] => 6384
    [liqpay_order_id] => C4IHYV4C1750416316696764
    [description] => Payment for order № 6384
    [sender_first_name] => про
    [sender_last_name] => апе
    [sender_card_mask2] => 424242*42
    [sender_card_bank] => Test
    [sender_card_type] => visa
    [sender_card_country] => 804
    [ip] => 159.224.12.212
    [amount] => 125
    [currency] => UAH
    [sender_commission] => 0
    [receiver_commission] => 1.88
    [agent_commission] => 0
    [amount_debit] => 125
    [amount_credit] => 125
    [commission_debit] => 0
    [commission_credit] => 1.88
    [currency_debit] => UAH
    [currency_credit] => UAH
    [sender_bonus] => 0
    [amount_bonus] => 0
    [mpi_eci] => 7
    [is_3ds] => 
    [language] => uk
    [create_date] => 1750416316699
    [end_date] => 1750416316848
    [transaction_id] => 2665010167
)
20-06-2025 10:46:57
 Status: success20-06-2025 10:46:57
success20-06-2025 10:46:57
 order_id: 638420-06-2025 10:46:57
 order_id: stdClass Object
(
    [payment_id] => 2665010167
    [action] => pay
    [status] => success
    [version] => 3
    [type] => buy
    [paytype] => card
    [public_key] => sandbox_i55978728567
    [acq_id] => 414963
    [order_id] => 6384
    [liqpay_order_id] => C4IHYV4C1750416316696764
    [description] => Payment for order № 6384
    [sender_first_name] => про
    [sender_last_name] => апе
    [sender_card_mask2] => 424242*42
    [sender_card_bank] => Test
    [sender_card_type] => visa
    [sender_card_country] => 804
    [ip] => 159.224.12.212
    [amount] => 125
    [currency] => UAH
    [sender_commission] => 0
    [receiver_commission] => 1.88
    [agent_commission] => 0
    [amount_debit] => 125
    [amount_credit] => 125
    [commission_debit] => 0
    [commission_credit] => 1.88
    [currency_debit] => UAH
    [currency_credit] => UAH
    [sender_bonus] => 0
    [amount_bonus] => 0
    [mpi_eci] => 7
    [is_3ds] => 
    [language] => uk
    [create_date] => 1750416316699
    [end_date] => 1750416316848
    [transaction_id] => 2665010167
)
20-06-2025 10:55:21
 Status: success20-06-2025 10:55:21
success20-06-2025 10:55:21
 order_id: 638520-06-2025 10:55:21
 order_id: stdClass Object
(
    [payment_id] => 2665016614
    [action] => pay
    [status] => success
    [version] => 3
    [type] => buy
    [paytype] => card
    [public_key] => sandbox_i55978728567
    [acq_id] => 414963
    [order_id] => 6385
    [liqpay_order_id] => ISIH4Q7C1750416921027282
    [description] => Передоплата замовлення № 6385
    [sender_first_name] => апро
    [sender_last_name] => апе
    [sender_card_mask2] => 424242*42
    [sender_card_bank] => Test
    [sender_card_type] => visa
    [sender_card_country] => 804
    [ip] => 159.224.12.212
    [amount] => 200
    [currency] => UAH
    [sender_commission] => 0
    [receiver_commission] => 3
    [agent_commission] => 0
    [amount_debit] => 200
    [amount_credit] => 200
    [commission_debit] => 0
    [commission_credit] => 3
    [currency_debit] => UAH
    [currency_credit] => UAH
    [sender_bonus] => 0
    [amount_bonus] => 0
    [mpi_eci] => 7
    [is_3ds] => 
    [language] => uk
    [create_date] => 1750416921028
    [end_date] => 1750416921159
    [transaction_id] => 2665016614
)
20-06-2025 10:55:21
testestestetse20-06-2025 10:55:21
20020-06-2025 10:55:21
testestestetse20-06-2025 10:56:22
 Status: success20-06-2025 10:56:22
success20-06-2025 10:56:22
 order_id: 638520-06-2025 10:56:22
 order_id: stdClass Object
(
    [payment_id] => 2665016614
    [action] => pay
    [status] => success
    [version] => 3
    [type] => buy
    [paytype] => card
    [public_key] => sandbox_i55978728567
    [acq_id] => 414963
    [order_id] => 6385
    [liqpay_order_id] => ISIH4Q7C1750416921027282
    [description] => Передоплата замовлення № 6385
    [sender_first_name] => апро
    [sender_last_name] => апе
    [sender_card_mask2] => 424242*42
    [sender_card_bank] => Test
    [sender_card_type] => visa
    [sender_card_country] => 804
    [ip] => 159.224.12.212
    [amount] => 200
    [currency] => UAH
    [sender_commission] => 0
    [receiver_commission] => 3
    [agent_commission] => 0
    [amount_debit] => 200
    [amount_credit] => 200
    [commission_debit] => 0
    [commission_credit] => 3
    [currency_debit] => UAH
    [currency_credit] => UAH
    [sender_bonus] => 0
    [amount_bonus] => 0
    [mpi_eci] => 7
    [is_3ds] => 
    [language] => uk
    [create_date] => 1750416921028
    [end_date] => 1750416921159
    [transaction_id] => 2665016614
)
20-06-2025 10:57:02
 Status: success20-06-2025 10:57:02
success20-06-2025 10:57:02
 order_id: 638520-06-2025 10:57:02
 order_id: stdClass Object
(
    [payment_id] => 2665016614
    [action] => pay
    [status] => success
    [version] => 3
    [type] => buy
    [paytype] => card
    [public_key] => sandbox_i55978728567
    [acq_id] => 414963
    [order_id] => 6385
    [liqpay_order_id] => ISIH4Q7C1750416921027282
    [description] => Передоплата замовлення № 6385
    [sender_first_name] => апро
    [sender_last_name] => апе
    [sender_card_mask2] => 424242*42
    [sender_card_bank] => Test
    [sender_card_type] => visa
    [sender_card_country] => 804
    [ip] => 159.224.12.212
    [amount] => 200
    [currency] => UAH
    [sender_commission] => 0
    [receiver_commission] => 3
    [agent_commission] => 0
    [amount_debit] => 200
    [amount_credit] => 200
    [commission_debit] => 0
    [commission_credit] => 3
    [currency_debit] => UAH
    [currency_credit] => UAH
    [sender_bonus] => 0
    [amount_bonus] => 0
    [mpi_eci] => 7
    [is_3ds] => 
    [language] => uk
    [create_date] => 1750416921028
    [end_date] => 1750416921159
    [transaction_id] => 2665016614
)
20-06-2025 10:57:02
 Status: success20-06-2025 10:57:02
success20-06-2025 10:57:02
 order_id: 638520-06-2025 10:57:02
 order_id: stdClass Object
(
    [payment_id] => 2665016614
    [action] => pay
    [status] => success
    [version] => 3
    [type] => buy
    [paytype] => card
    [public_key] => sandbox_i55978728567
    [acq_id] => 414963
    [order_id] => 6385
    [liqpay_order_id] => ISIH4Q7C1750416921027282
    [description] => Передоплата замовлення № 6385
    [sender_first_name] => апро
    [sender_last_name] => апе
    [sender_card_mask2] => 424242*42
    [sender_card_bank] => Test
    [sender_card_type] => visa
    [sender_card_country] => 804
    [ip] => 159.224.12.212
    [amount] => 200
    [currency] => UAH
    [sender_commission] => 0
    [receiver_commission] => 3
    [agent_commission] => 0
    [amount_debit] => 200
    [amount_credit] => 200
    [commission_debit] => 0
    [commission_credit] => 3
    [currency_debit] => UAH
    [currency_credit] => UAH
    [sender_bonus] => 0
    [amount_bonus] => 0
    [mpi_eci] => 7
    [is_3ds] => 
    [language] => uk
    [create_date] => 1750416921028
    [end_date] => 1750416921159
    [transaction_id] => 2665016614
)
20-06-2025 11:09:17
 Status: success20-06-2025 11:09:17
success20-06-2025 11:09:17
 order_id: 638620-06-2025 11:09:17
 order_id: stdClass Object
(
    [payment_id] => 2665025337
    [action] => pay
    [status] => success
    [version] => 3
    [type] => buy
    [paytype] => card
    [public_key] => sandbox_i55978728567
    [acq_id] => 414963
    [order_id] => 6386
    [liqpay_order_id] => 5P6PWEF11750417757367230
    [description] => Payment for order № 6386
    [sender_first_name] => апр
    [sender_last_name] => про
    [sender_card_mask2] => 424242*42
    [sender_card_bank] => Test
    [sender_card_type] => visa
    [sender_card_country] => 804
    [ip] => 159.224.12.212
    [amount] => 5065
    [currency] => UAH
    [sender_commission] => 0
    [receiver_commission] => 75.98
    [agent_commission] => 0
    [amount_debit] => 5065
    [amount_credit] => 5065
    [commission_debit] => 0
    [commission_credit] => 75.98
    [currency_debit] => UAH
    [currency_credit] => UAH
    [sender_bonus] => 0
    [amount_bonus] => 0
    [mpi_eci] => 7
    [is_3ds] => 
    [language] => uk
    [create_date] => 1750417757368
    [end_date] => 1750417757496
    [transaction_id] => 2665025337
)
20-06-2025 11:09:17
testestestetse20-06-2025 11:09:17
506520-06-2025 11:09:17
testestestetse20-06-2025 11:10:18
 Status: success20-06-2025 11:10:18
success20-06-2025 11:10:18
 order_id: 638620-06-2025 11:10:18
 order_id: stdClass Object
(
    [payment_id] => 2665025337
    [action] => pay
    [status] => success
    [version] => 3
    [type] => buy
    [paytype] => card
    [public_key] => sandbox_i55978728567
    [acq_id] => 414963
    [order_id] => 6386
    [liqpay_order_id] => 5P6PWEF11750417757367230
    [description] => Payment for order № 6386
    [sender_first_name] => апр
    [sender_last_name] => про
    [sender_card_mask2] => 424242*42
    [sender_card_bank] => Test
    [sender_card_type] => visa
    [sender_card_country] => 804
    [ip] => 159.224.12.212
    [amount] => 5065
    [currency] => UAH
    [sender_commission] => 0
    [receiver_commission] => 75.98
    [agent_commission] => 0
    [amount_debit] => 5065
    [amount_credit] => 5065
    [commission_debit] => 0
    [commission_credit] => 75.98
    [currency_debit] => UAH
    [currency_credit] => UAH
    [sender_bonus] => 0
    [amount_bonus] => 0
    [mpi_eci] => 7
    [is_3ds] => 
    [language] => uk
    [create_date] => 1750417757368
    [end_date] => 1750417757496
    [transaction_id] => 2665025337
)
20-06-2025 11:11:01
 Status: success20-06-2025 11:11:01
success20-06-2025 11:11:01
 order_id: 638620-06-2025 11:11:01
 order_id: stdClass Object
(
    [payment_id] => 2665025337
    [action] => pay
    [status] => success
    [version] => 3
    [type] => buy
    [paytype] => card
    [public_key] => sandbox_i55978728567
    [acq_id] => 414963
    [order_id] => 6386
    [liqpay_order_id] => 5P6PWEF11750417757367230
    [description] => Payment for order № 6386
    [sender_first_name] => апр
    [sender_last_name] => про
    [sender_card_mask2] => 424242*42
    [sender_card_bank] => Test
    [sender_card_type] => visa
    [sender_card_country] => 804
    [ip] => 159.224.12.212
    [amount] => 5065
    [currency] => UAH
    [sender_commission] => 0
    [receiver_commission] => 75.98
    [agent_commission] => 0
    [amount_debit] => 5065
    [amount_credit] => 5065
    [commission_debit] => 0
    [commission_credit] => 75.98
    [currency_debit] => UAH
    [currency_credit] => UAH
    [sender_bonus] => 0
    [amount_bonus] => 0
    [mpi_eci] => 7
    [is_3ds] => 
    [language] => uk
    [create_date] => 1750417757368
    [end_date] => 1750417757496
    [transaction_id] => 2665025337
)
20-06-2025 11:11:01
 Status: success20-06-2025 11:11:01
success20-06-2025 11:11:01
 order_id: 638620-06-2025 11:11:01
 order_id: stdClass Object
(
    [payment_id] => 2665025337
    [action] => pay
    [status] => success
    [version] => 3
    [type] => buy
    [paytype] => card
    [public_key] => sandbox_i55978728567
    [acq_id] => 414963
    [order_id] => 6386
    [liqpay_order_id] => 5P6PWEF11750417757367230
    [description] => Payment for order № 6386
    [sender_first_name] => апр
    [sender_last_name] => про
    [sender_card_mask2] => 424242*42
    [sender_card_bank] => Test
    [sender_card_type] => visa
    [sender_card_country] => 804
    [ip] => 159.224.12.212
    [amount] => 5065
    [currency] => UAH
    [sender_commission] => 0
    [receiver_commission] => 75.98
    [agent_commission] => 0
    [amount_debit] => 5065
    [amount_credit] => 5065
    [commission_debit] => 0
    [commission_credit] => 75.98
    [currency_debit] => UAH
    [currency_credit] => UAH
    [sender_bonus] => 0
    [amount_bonus] => 0
    [mpi_eci] => 7
    [is_3ds] => 
    [language] => uk
    [create_date] => 1750417757368
    [end_date] => 1750417757496
    [transaction_id] => 2665025337
)
25-06-2025 08:17:03
 Status: success25-06-2025 08:17:03
success25-06-2025 08:17:03
 order_id: 638825-06-2025 08:17:03
 order_id: stdClass Object
(
    [payment_id] => 2667530241
    [action] => pay
    [status] => success
    [version] => 3
    [type] => buy
    [paytype] => card
    [public_key] => sandbox_i55978728567
    [acq_id] => 414963
    [order_id] => 6388
    [liqpay_order_id] => LFKFDT521750839423448236
    [description] => Передоплата замовлення № 6388
    [sender_first_name] => ghdfghdfg
    [sender_last_name] => sfgthsdfgj
    [sender_card_mask2] => 424242*42
    [sender_card_bank] => Test
    [sender_card_type] => visa
    [sender_card_country] => 804
    [ip] => 159.224.12.212
    [amount] => 200
    [currency] => UAH
    [sender_commission] => 0
    [receiver_commission] => 3
    [agent_commission] => 0
    [amount_debit] => 200
    [amount_credit] => 200
    [commission_debit] => 0
    [commission_credit] => 3
    [currency_debit] => UAH
    [currency_credit] => UAH
    [sender_bonus] => 0
    [amount_bonus] => 0
    [mpi_eci] => 7
    [is_3ds] => 
    [language] => uk
    [create_date] => 1750839423449
    [end_date] => 1750839423565
    [transaction_id] => 2667530241
)
25-06-2025 08:17:03
testestestetse25-06-2025 08:17:03
20025-06-2025 08:17:03
testestestetse25-06-2025 08:18:04
 Status: success25-06-2025 08:18:04
success25-06-2025 08:18:04
 order_id: 638825-06-2025 08:18:04
 order_id: stdClass Object
(
    [payment_id] => 2667530241
    [action] => pay
    [status] => success
    [version] => 3
    [type] => buy
    [paytype] => card
    [public_key] => sandbox_i55978728567
    [acq_id] => 414963
    [order_id] => 6388
    [liqpay_order_id] => LFKFDT521750839423448236
    [description] => Передоплата замовлення № 6388
    [sender_first_name] => ghdfghdfg
    [sender_last_name] => sfgthsdfgj
    [sender_card_mask2] => 424242*42
    [sender_card_bank] => Test
    [sender_card_type] => visa
    [sender_card_country] => 804
    [ip] => 159.224.12.212
    [amount] => 200
    [currency] => UAH
    [sender_commission] => 0
    [receiver_commission] => 3
    [agent_commission] => 0
    [amount_debit] => 200
    [amount_credit] => 200
    [commission_debit] => 0
    [commission_credit] => 3
    [currency_debit] => UAH
    [currency_credit] => UAH
    [sender_bonus] => 0
    [amount_bonus] => 0
    [mpi_eci] => 7
    [is_3ds] => 
    [language] => uk
    [create_date] => 1750839423449
    [end_date] => 1750839423565
    [transaction_id] => 2667530241
)
25-06-2025 08:18:46
 Status: success25-06-2025 08:18:46
success25-06-2025 08:18:46
 order_id: 638825-06-2025 08:18:46
 order_id: stdClass Object
(
    [payment_id] => 2667530241
    [action] => pay
    [status] => success
    [version] => 3
    [type] => buy
    [paytype] => card
    [public_key] => sandbox_i55978728567
    [acq_id] => 414963
    [order_id] => 6388
    [liqpay_order_id] => LFKFDT521750839423448236
    [description] => Передоплата замовлення № 6388
    [sender_first_name] => ghdfghdfg
    [sender_last_name] => sfgthsdfgj
    [sender_card_mask2] => 424242*42
    [sender_card_bank] => Test
    [sender_card_type] => visa
    [sender_card_country] => 804
    [ip] => 159.224.12.212
    [amount] => 200
    [currency] => UAH
    [sender_commission] => 0
    [receiver_commission] => 3
    [agent_commission] => 0
    [amount_debit] => 200
    [amount_credit] => 200
    [commission_debit] => 0
    [commission_credit] => 3
    [currency_debit] => UAH
    [currency_credit] => UAH
    [sender_bonus] => 0
    [amount_bonus] => 0
    [mpi_eci] => 7
    [is_3ds] => 
    [language] => uk
    [create_date] => 1750839423449
    [end_date] => 1750839423565
    [transaction_id] => 2667530241
)
25-06-2025 08:18:46
 Status: success25-06-2025 08:18:46
success25-06-2025 08:18:46
 order_id: 638825-06-2025 08:18:46
 order_id: stdClass Object
(
    [payment_id] => 2667530241
    [action] => pay
    [status] => success
    [version] => 3
    [type] => buy
    [paytype] => card
    [public_key] => sandbox_i55978728567
    [acq_id] => 414963
    [order_id] => 6388
    [liqpay_order_id] => LFKFDT521750839423448236
    [description] => Передоплата замовлення № 6388
    [sender_first_name] => ghdfghdfg
    [sender_last_name] => sfgthsdfgj
    [sender_card_mask2] => 424242*42
    [sender_card_bank] => Test
    [sender_card_type] => visa
    [sender_card_country] => 804
    [ip] => 159.224.12.212
    [amount] => 200
    [currency] => UAH
    [sender_commission] => 0
    [receiver_commission] => 3
    [agent_commission] => 0
    [amount_debit] => 200
    [amount_credit] => 200
    [commission_debit] => 0
    [commission_credit] => 3
    [currency_debit] => UAH
    [currency_credit] => UAH
    [sender_bonus] => 0
    [amount_bonus] => 0
    [mpi_eci] => 7
    [is_3ds] => 
    [language] => uk
    [create_date] => 1750839423449
    [end_date] => 1750839423565
    [transaction_id] => 2667530241
)
25-06-2025 08:20:31
 Status: success25-06-2025 08:20:31
success25-06-2025 08:20:31
 order_id: 638925-06-2025 08:20:31
 order_id: stdClass Object
(
    [payment_id] => 2667532351
    [action] => pay
    [status] => success
    [version] => 3
    [type] => buy
    [paytype] => card
    [public_key] => sandbox_i55978728567
    [acq_id] => 414963
    [order_id] => 6389
    [liqpay_order_id] => M3QRXWEY1750839630882901
    [description] => Передоплата замовлення № 6389
    [sender_first_name] => ваап
    [sender_last_name] => варіар
    [sender_card_mask2] => 424242*42
    [sender_card_bank] => Test
    [sender_card_type] => visa
    [sender_card_country] => 804
    [ip] => 159.224.12.212
    [amount] => 200
    [currency] => UAH
    [sender_commission] => 0
    [receiver_commission] => 3
    [agent_commission] => 0
    [amount_debit] => 200
    [amount_credit] => 200
    [commission_debit] => 0
    [commission_credit] => 3
    [currency_debit] => UAH
    [currency_credit] => UAH
    [sender_bonus] => 0
    [amount_bonus] => 0
    [mpi_eci] => 7
    [is_3ds] => 
    [language] => uk
    [create_date] => 1750839630885
    [end_date] => 1750839631040
    [transaction_id] => 2667532351
)
25-06-2025 08:20:31
testestestetse25-06-2025 08:20:31
20025-06-2025 08:20:31
testestestetse25-06-2025 08:21:31
 Status: success25-06-2025 08:21:31
success25-06-2025 08:21:31
 order_id: 638925-06-2025 08:21:31
 order_id: stdClass Object
(
    [payment_id] => 2667532351
    [action] => pay
    [status] => success
    [version] => 3
    [type] => buy
    [paytype] => card
    [public_key] => sandbox_i55978728567
    [acq_id] => 414963
    [order_id] => 6389
    [liqpay_order_id] => M3QRXWEY1750839630882901
    [description] => Передоплата замовлення № 6389
    [sender_first_name] => ваап
    [sender_last_name] => варіар
    [sender_card_mask2] => 424242*42
    [sender_card_bank] => Test
    [sender_card_type] => visa
    [sender_card_country] => 804
    [ip] => 159.224.12.212
    [amount] => 200
    [currency] => UAH
    [sender_commission] => 0
    [receiver_commission] => 3
    [agent_commission] => 0
    [amount_debit] => 200
    [amount_credit] => 200
    [commission_debit] => 0
    [commission_credit] => 3
    [currency_debit] => UAH
    [currency_credit] => UAH
    [sender_bonus] => 0
    [amount_bonus] => 0
    [mpi_eci] => 7
    [is_3ds] => 
    [language] => uk
    [create_date] => 1750839630885
    [end_date] => 1750839631040
    [transaction_id] => 2667532351
)
25-06-2025 08:22:12
 Status: success25-06-2025 08:22:12
success25-06-2025 08:22:12
 order_id: 638925-06-2025 08:22:12
 order_id: stdClass Object
(
    [payment_id] => 2667532351
    [action] => pay
    [status] => success
    [version] => 3
    [type] => buy
    [paytype] => card
    [public_key] => sandbox_i55978728567
    [acq_id] => 414963
    [order_id] => 6389
    [liqpay_order_id] => M3QRXWEY1750839630882901
    [description] => Передоплата замовлення № 6389
    [sender_first_name] => ваап
    [sender_last_name] => варіар
    [sender_card_mask2] => 424242*42
    [sender_card_bank] => Test
    [sender_card_type] => visa
    [sender_card_country] => 804
    [ip] => 159.224.12.212
    [amount] => 200
    [currency] => UAH
    [sender_commission] => 0
    [receiver_commission] => 3
    [agent_commission] => 0
    [amount_debit] => 200
    [amount_credit] => 200
    [commission_debit] => 0
    [commission_credit] => 3
    [currency_debit] => UAH
    [currency_credit] => UAH
    [sender_bonus] => 0
    [amount_bonus] => 0
    [mpi_eci] => 7
    [is_3ds] => 
    [language] => uk
    [create_date] => 1750839630885
    [end_date] => 1750839631040
    [transaction_id] => 2667532351
)
25-06-2025 08:22:12
 Status: success25-06-2025 08:22:12
success25-06-2025 08:22:12
 order_id: 638925-06-2025 08:22:12
 order_id: stdClass Object
(
    [payment_id] => 2667532351
    [action] => pay
    [status] => success
    [version] => 3
    [type] => buy
    [paytype] => card
    [public_key] => sandbox_i55978728567
    [acq_id] => 414963
    [order_id] => 6389
    [liqpay_order_id] => M3QRXWEY1750839630882901
    [description] => Передоплата замовлення № 6389
    [sender_first_name] => ваап
    [sender_last_name] => варіар
    [sender_card_mask2] => 424242*42
    [sender_card_bank] => Test
    [sender_card_type] => visa
    [sender_card_country] => 804
    [ip] => 159.224.12.212
    [amount] => 200
    [currency] => UAH
    [sender_commission] => 0
    [receiver_commission] => 3
    [agent_commission] => 0
    [amount_debit] => 200
    [amount_credit] => 200
    [commission_debit] => 0
    [commission_credit] => 3
    [currency_debit] => UAH
    [currency_credit] => UAH
    [sender_bonus] => 0
    [amount_bonus] => 0
    [mpi_eci] => 7
    [is_3ds] => 
    [language] => uk
    [create_date] => 1750839630885
    [end_date] => 1750839631040
    [transaction_id] => 2667532351
)
03-07-2025 07:43:59
 Status: success03-07-2025 07:43:59
success03-07-2025 07:43:59
 order_id: 650303-07-2025 07:43:59
 order_id: stdClass Object
(
    [payment_id] => 2671654015
    [action] => pay
    [status] => success
    [version] => 3
    [type] => buy
    [paytype] => card
    [public_key] => sandbox_i55978728567
    [acq_id] => 414963
    [order_id] => 6503
    [liqpay_order_id] => KLD2IEWM1751528638487729
    [description] => Payment for order № 6503
    [sender_first_name] => fdghjk
    [sender_last_name] => fdghj
    [sender_card_mask2] => 424242*42
    [sender_card_bank] => Test
    [sender_card_type] => visa
    [sender_card_country] => 804
    [ip] => 178.151.152.228
    [amount] => 40
    [currency] => UAH
    [sender_commission] => 0
    [receiver_commission] => 0.6
    [agent_commission] => 0
    [amount_debit] => 40
    [amount_credit] => 40
    [commission_debit] => 0
    [commission_credit] => 0.6
    [currency_debit] => UAH
    [currency_credit] => UAH
    [sender_bonus] => 0
    [amount_bonus] => 0
    [mpi_eci] => 7
    [is_3ds] => 
    [language] => uk
    [create_date] => 1751528638490
    [end_date] => 1751528638626
    [transaction_id] => 2671654015
)
03-07-2025 07:43:59
testestestetse03-07-2025 07:43:59
4003-07-2025 07:43:59
testestestetse03-07-2025 07:44:59
 Status: success03-07-2025 07:44:59
success03-07-2025 07:44:59
 order_id: 650303-07-2025 07:44:59
 order_id: stdClass Object
(
    [payment_id] => 2671654015
    [action] => pay
    [status] => success
    [version] => 3
    [type] => buy
    [paytype] => card
    [public_key] => sandbox_i55978728567
    [acq_id] => 414963
    [order_id] => 6503
    [liqpay_order_id] => KLD2IEWM1751528638487729
    [description] => Payment for order № 6503
    [sender_first_name] => fdghjk
    [sender_last_name] => fdghj
    [sender_card_mask2] => 424242*42
    [sender_card_bank] => Test
    [sender_card_type] => visa
    [sender_card_country] => 804
    [ip] => 178.151.152.228
    [amount] => 40
    [currency] => UAH
    [sender_commission] => 0
    [receiver_commission] => 0.6
    [agent_commission] => 0
    [amount_debit] => 40
    [amount_credit] => 40
    [commission_debit] => 0
    [commission_credit] => 0.6
    [currency_debit] => UAH
    [currency_credit] => UAH
    [sender_bonus] => 0
    [amount_bonus] => 0
    [mpi_eci] => 7
    [is_3ds] => 
    [language] => uk
    [create_date] => 1751528638490
    [end_date] => 1751528638626
    [transaction_id] => 2671654015
)
03-07-2025 07:45:41
 Status: success03-07-2025 07:45:41
success03-07-2025 07:45:41
 order_id: 650303-07-2025 07:45:41
 order_id: stdClass Object
(
    [payment_id] => 2671654015
    [action] => pay
    [status] => success
    [version] => 3
    [type] => buy
    [paytype] => card
    [public_key] => sandbox_i55978728567
    [acq_id] => 414963
    [order_id] => 6503
    [liqpay_order_id] => KLD2IEWM1751528638487729
    [description] => Payment for order № 6503
    [sender_first_name] => fdghjk
    [sender_last_name] => fdghj
    [sender_card_mask2] => 424242*42
    [sender_card_bank] => Test
    [sender_card_type] => visa
    [sender_card_country] => 804
    [ip] => 178.151.152.228
    [amount] => 40
    [currency] => UAH
    [sender_commission] => 0
    [receiver_commission] => 0.6
    [agent_commission] => 0
    [amount_debit] => 40
    [amount_credit] => 40
    [commission_debit] => 0
    [commission_credit] => 0.6
    [currency_debit] => UAH
    [currency_credit] => UAH
    [sender_bonus] => 0
    [amount_bonus] => 0
    [mpi_eci] => 7
    [is_3ds] => 
    [language] => uk
    [create_date] => 1751528638490
    [end_date] => 1751528638626
    [transaction_id] => 2671654015
)
03-07-2025 07:45:41
 Status: success03-07-2025 07:45:41
success03-07-2025 07:45:41
 order_id: 650303-07-2025 07:45:41
 order_id: stdClass Object
(
    [payment_id] => 2671654015
    [action] => pay
    [status] => success
    [version] => 3
    [type] => buy
    [paytype] => card
    [public_key] => sandbox_i55978728567
    [acq_id] => 414963
    [order_id] => 6503
    [liqpay_order_id] => KLD2IEWM1751528638487729
    [description] => Payment for order № 6503
    [sender_first_name] => fdghjk
    [sender_last_name] => fdghj
    [sender_card_mask2] => 424242*42
    [sender_card_bank] => Test
    [sender_card_type] => visa
    [sender_card_country] => 804
    [ip] => 178.151.152.228
    [amount] => 40
    [currency] => UAH
    [sender_commission] => 0
    [receiver_commission] => 0.6
    [agent_commission] => 0
    [amount_debit] => 40
    [amount_credit] => 40
    [commission_debit] => 0
    [commission_credit] => 0.6
    [currency_debit] => UAH
    [currency_credit] => UAH
    [sender_bonus] => 0
    [amount_bonus] => 0
    [mpi_eci] => 7
    [is_3ds] => 
    [language] => uk
    [create_date] => 1751528638490
    [end_date] => 1751528638626
    [transaction_id] => 2671654015
)
03-07-2025 07:58:54
 Status: success03-07-2025 07:58:54
success03-07-2025 07:58:54
 order_id: 650403-07-2025 07:58:54
 order_id: stdClass Object
(
    [payment_id] => 2671662681
    [action] => pay
    [status] => success
    [version] => 3
    [type] => buy
    [paytype] => card
    [public_key] => sandbox_i55978728567
    [acq_id] => 414963
    [order_id] => 6504
    [liqpay_order_id] => NBSIP71Z1751529534322846
    [description] => Payment for order № 6504
    [sender_first_name] => dgfhjk
    [sender_last_name] => hjkl
    [sender_card_mask2] => 424242*42
    [sender_card_bank] => Test
    [sender_card_type] => visa
    [sender_card_country] => 804
    [ip] => 178.151.152.228
    [amount] => 30
    [currency] => UAH
    [sender_commission] => 0
    [receiver_commission] => 0.45
    [agent_commission] => 0
    [amount_debit] => 30
    [amount_credit] => 30
    [commission_debit] => 0
    [commission_credit] => 0.45
    [currency_debit] => UAH
    [currency_credit] => UAH
    [sender_bonus] => 0
    [amount_bonus] => 0
    [mpi_eci] => 7
    [is_3ds] => 
    [language] => uk
    [create_date] => 1751529534325
    [end_date] => 1751529534454
    [transaction_id] => 2671662681
)
03-07-2025 07:58:54
testestestetse03-07-2025 07:58:54
3003-07-2025 07:58:54
testestestetse03-07-2025 07:59:55
 Status: success03-07-2025 07:59:55
success03-07-2025 07:59:55
 order_id: 650403-07-2025 07:59:55
 order_id: stdClass Object
(
    [payment_id] => 2671662681
    [action] => pay
    [status] => success
    [version] => 3
    [type] => buy
    [paytype] => card
    [public_key] => sandbox_i55978728567
    [acq_id] => 414963
    [order_id] => 6504
    [liqpay_order_id] => NBSIP71Z1751529534322846
    [description] => Payment for order № 6504
    [sender_first_name] => dgfhjk
    [sender_last_name] => hjkl
    [sender_card_mask2] => 424242*42
    [sender_card_bank] => Test
    [sender_card_type] => visa
    [sender_card_country] => 804
    [ip] => 178.151.152.228
    [amount] => 30
    [currency] => UAH
    [sender_commission] => 0
    [receiver_commission] => 0.45
    [agent_commission] => 0
    [amount_debit] => 30
    [amount_credit] => 30
    [commission_debit] => 0
    [commission_credit] => 0.45
    [currency_debit] => UAH
    [currency_credit] => UAH
    [sender_bonus] => 0
    [amount_bonus] => 0
    [mpi_eci] => 7
    [is_3ds] => 
    [language] => uk
    [create_date] => 1751529534325
    [end_date] => 1751529534454
    [transaction_id] => 2671662681
)
03-07-2025 08:00:35
 Status: success03-07-2025 08:00:35
success03-07-2025 08:00:35
 order_id: 650403-07-2025 08:00:35
 order_id: stdClass Object
(
    [payment_id] => 2671662681
    [action] => pay
    [status] => success
    [version] => 3
    [type] => buy
    [paytype] => card
    [public_key] => sandbox_i55978728567
    [acq_id] => 414963
    [order_id] => 6504
    [liqpay_order_id] => NBSIP71Z1751529534322846
    [description] => Payment for order № 6504
    [sender_first_name] => dgfhjk
    [sender_last_name] => hjkl
    [sender_card_mask2] => 424242*42
    [sender_card_bank] => Test
    [sender_card_type] => visa
    [sender_card_country] => 804
    [ip] => 178.151.152.228
    [amount] => 30
    [currency] => UAH
    [sender_commission] => 0
    [receiver_commission] => 0.45
    [agent_commission] => 0
    [amount_debit] => 30
    [amount_credit] => 30
    [commission_debit] => 0
    [commission_credit] => 0.45
    [currency_debit] => UAH
    [currency_credit] => UAH
    [sender_bonus] => 0
    [amount_bonus] => 0
    [mpi_eci] => 7
    [is_3ds] => 
    [language] => uk
    [create_date] => 1751529534325
    [end_date] => 1751529534454
    [transaction_id] => 2671662681
)
03-07-2025 08:00:35
 Status: success03-07-2025 08:00:35
success03-07-2025 08:00:35
 order_id: 650403-07-2025 08:00:35
 order_id: stdClass Object
(
    [payment_id] => 2671662681
    [action] => pay
    [status] => success
    [version] => 3
    [type] => buy
    [paytype] => card
    [public_key] => sandbox_i55978728567
    [acq_id] => 414963
    [order_id] => 6504
    [liqpay_order_id] => NBSIP71Z1751529534322846
    [description] => Payment for order № 6504
    [sender_first_name] => dgfhjk
    [sender_last_name] => hjkl
    [sender_card_mask2] => 424242*42
    [sender_card_bank] => Test
    [sender_card_type] => visa
    [sender_card_country] => 804
    [ip] => 178.151.152.228
    [amount] => 30
    [currency] => UAH
    [sender_commission] => 0
    [receiver_commission] => 0.45
    [agent_commission] => 0
    [amount_debit] => 30
    [amount_credit] => 30
    [commission_debit] => 0
    [commission_credit] => 0.45
    [currency_debit] => UAH
    [currency_credit] => UAH
    [sender_bonus] => 0
    [amount_bonus] => 0
    [mpi_eci] => 7
    [is_3ds] => 
    [language] => uk
    [create_date] => 1751529534325
    [end_date] => 1751529534454
    [transaction_id] => 2671662681
)
08-07-2025 13:23:00
 Status: success08-07-2025 13:23:00
success08-07-2025 13:23:00
 order_id: 651208-07-2025 13:23:00
 order_id: stdClass Object
(
    [payment_id] => 2674517138
    [action] => pay
    [status] => success
    [version] => 3
    [type] => buy
    [paytype] => card
    [public_key] => sandbox_i55978728567
    [acq_id] => 414963
    [order_id] => 6512
    [liqpay_order_id] => GS2Q4EJ41751980979827172
    [description] => Payment for order № 6512
    [sender_first_name] => ыа
    [sender_last_name] => вапв
    [sender_card_mask2] => 424242*42
    [sender_card_bank] => Test
    [sender_card_type] => visa
    [sender_card_country] => 804
    [ip] => 178.151.152.228
    [amount] => 24
    [currency] => UAH
    [sender_commission] => 0
    [receiver_commission] => 0.36
    [agent_commission] => 0
    [amount_debit] => 24
    [amount_credit] => 24
    [commission_debit] => 0
    [commission_credit] => 0.36
    [currency_debit] => UAH
    [currency_credit] => UAH
    [sender_bonus] => 0
    [amount_bonus] => 0
    [mpi_eci] => 7
    [is_3ds] => 
    [language] => uk
    [create_date] => 1751980979828
    [end_date] => 1751980979919
    [transaction_id] => 2674517138
)
08-07-2025 13:23:01
testestestetse08-07-2025 13:23:01
2408-07-2025 13:23:01
testestestetse08-07-2025 13:24:02
 Status: success08-07-2025 13:24:02
success08-07-2025 13:24:02
 order_id: 651208-07-2025 13:24:02
 order_id: stdClass Object
(
    [payment_id] => 2674517138
    [action] => pay
    [status] => success
    [version] => 3
    [type] => buy
    [paytype] => card
    [public_key] => sandbox_i55978728567
    [acq_id] => 414963
    [order_id] => 6512
    [liqpay_order_id] => GS2Q4EJ41751980979827172
    [description] => Payment for order № 6512
    [sender_first_name] => ыа
    [sender_last_name] => вапв
    [sender_card_mask2] => 424242*42
    [sender_card_bank] => Test
    [sender_card_type] => visa
    [sender_card_country] => 804
    [ip] => 178.151.152.228
    [amount] => 24
    [currency] => UAH
    [sender_commission] => 0
    [receiver_commission] => 0.36
    [agent_commission] => 0
    [amount_debit] => 24
    [amount_credit] => 24
    [commission_debit] => 0
    [commission_credit] => 0.36
    [currency_debit] => UAH
    [currency_credit] => UAH
    [sender_bonus] => 0
    [amount_bonus] => 0
    [mpi_eci] => 7
    [is_3ds] => 
    [language] => uk
    [create_date] => 1751980979828
    [end_date] => 1751980979919
    [transaction_id] => 2674517138
)
08-07-2025 13:24:42
 Status: success08-07-2025 13:24:42
success08-07-2025 13:24:42
 order_id: 651208-07-2025 13:24:42
 order_id: stdClass Object
(
    [payment_id] => 2674517138
    [action] => pay
    [status] => success
    [version] => 3
    [type] => buy
    [paytype] => card
    [public_key] => sandbox_i55978728567
    [acq_id] => 414963
    [order_id] => 6512
    [liqpay_order_id] => GS2Q4EJ41751980979827172
    [description] => Payment for order № 6512
    [sender_first_name] => ыа
    [sender_last_name] => вапв
    [sender_card_mask2] => 424242*42
    [sender_card_bank] => Test
    [sender_card_type] => visa
    [sender_card_country] => 804
    [ip] => 178.151.152.228
    [amount] => 24
    [currency] => UAH
    [sender_commission] => 0
    [receiver_commission] => 0.36
    [agent_commission] => 0
    [amount_debit] => 24
    [amount_credit] => 24
    [commission_debit] => 0
    [commission_credit] => 0.36
    [currency_debit] => UAH
    [currency_credit] => UAH
    [sender_bonus] => 0
    [amount_bonus] => 0
    [mpi_eci] => 7
    [is_3ds] => 
    [language] => uk
    [create_date] => 1751980979828
    [end_date] => 1751980979919
    [transaction_id] => 2674517138
)
08-07-2025 13:24:42
 Status: success08-07-2025 13:24:42
success08-07-2025 13:24:42
 order_id: 651208-07-2025 13:24:42
 order_id: stdClass Object
(
    [payment_id] => 2674517138
    [action] => pay
    [status] => success
    [version] => 3
    [type] => buy
    [paytype] => card
    [public_key] => sandbox_i55978728567
    [acq_id] => 414963
    [order_id] => 6512
    [liqpay_order_id] => GS2Q4EJ41751980979827172
    [description] => Payment for order № 6512
    [sender_first_name] => ыа
    [sender_last_name] => вапв
    [sender_card_mask2] => 424242*42
    [sender_card_bank] => Test
    [sender_card_type] => visa
    [sender_card_country] => 804
    [ip] => 178.151.152.228
    [amount] => 24
    [currency] => UAH
    [sender_commission] => 0
    [receiver_commission] => 0.36
    [agent_commission] => 0
    [amount_debit] => 24
    [amount_credit] => 24
    [commission_debit] => 0
    [commission_credit] => 0.36
    [currency_debit] => UAH
    [currency_credit] => UAH
    [sender_bonus] => 0
    [amount_bonus] => 0
    [mpi_eci] => 7
    [is_3ds] => 
    [language] => uk
    [create_date] => 1751980979828
    [end_date] => 1751980979919
    [transaction_id] => 2674517138
)
10-07-2025 12:09:41
 Status: success10-07-2025 12:09:41
success10-07-2025 12:09:41
 order_id: 651310-07-2025 12:09:41
 order_id: stdClass Object
(
    [payment_id] => 2675662867
    [action] => pay
    [status] => success
    [version] => 3
    [type] => buy
    [paytype] => card
    [public_key] => sandbox_i55978728567
    [acq_id] => 414963
    [order_id] => 6513
    [liqpay_order_id] => SYW9MYMO1752149381135841
    [description] => Передоплата замовлення № 6513
    [sender_first_name] => вівп
    [sender_last_name] => іва
    [sender_card_mask2] => 424242*42
    [sender_card_bank] => Test
    [sender_card_type] => visa
    [sender_card_country] => 804
    [ip] => 159.224.12.212
    [amount] => 200
    [currency] => UAH
    [sender_commission] => 0
    [receiver_commission] => 3
    [agent_commission] => 0
    [amount_debit] => 200
    [amount_credit] => 200
    [commission_debit] => 0
    [commission_credit] => 3
    [currency_debit] => UAH
    [currency_credit] => UAH
    [sender_bonus] => 0
    [amount_bonus] => 0
    [mpi_eci] => 7
    [is_3ds] => 
    [language] => uk
    [create_date] => 1752149381138
    [end_date] => 1752149381283
    [transaction_id] => 2675662867
)
10-07-2025 12:09:41
testestestetse10-07-2025 12:09:41
20010-07-2025 12:09:41
testestestetse10-07-2025 12:10:42
 Status: success10-07-2025 12:10:42
success10-07-2025 12:10:42
 order_id: 651310-07-2025 12:10:42
 order_id: stdClass Object
(
    [payment_id] => 2675662867
    [action] => pay
    [status] => success
    [version] => 3
    [type] => buy
    [paytype] => card
    [public_key] => sandbox_i55978728567
    [acq_id] => 414963
    [order_id] => 6513
    [liqpay_order_id] => SYW9MYMO1752149381135841
    [description] => Передоплата замовлення № 6513
    [sender_first_name] => вівп
    [sender_last_name] => іва
    [sender_card_mask2] => 424242*42
    [sender_card_bank] => Test
    [sender_card_type] => visa
    [sender_card_country] => 804
    [ip] => 159.224.12.212
    [amount] => 200
    [currency] => UAH
    [sender_commission] => 0
    [receiver_commission] => 3
    [agent_commission] => 0
    [amount_debit] => 200
    [amount_credit] => 200
    [commission_debit] => 0
    [commission_credit] => 3
    [currency_debit] => UAH
    [currency_credit] => UAH
    [sender_bonus] => 0
    [amount_bonus] => 0
    [mpi_eci] => 7
    [is_3ds] => 
    [language] => uk
    [create_date] => 1752149381138
    [end_date] => 1752149381283
    [transaction_id] => 2675662867
)
10-07-2025 12:11:22
 Status: success10-07-2025 12:11:22
success10-07-2025 12:11:22
 order_id: 651310-07-2025 12:11:22
 order_id: stdClass Object
(
    [payment_id] => 2675662867
    [action] => pay
    [status] => success
    [version] => 3
    [type] => buy
    [paytype] => card
    [public_key] => sandbox_i55978728567
    [acq_id] => 414963
    [order_id] => 6513
    [liqpay_order_id] => SYW9MYMO1752149381135841
    [description] => Передоплата замовлення № 6513
    [sender_first_name] => вівп
    [sender_last_name] => іва
    [sender_card_mask2] => 424242*42
    [sender_card_bank] => Test
    [sender_card_type] => visa
    [sender_card_country] => 804
    [ip] => 159.224.12.212
    [amount] => 200
    [currency] => UAH
    [sender_commission] => 0
    [receiver_commission] => 3
    [agent_commission] => 0
    [amount_debit] => 200
    [amount_credit] => 200
    [commission_debit] => 0
    [commission_credit] => 3
    [currency_debit] => UAH
    [currency_credit] => UAH
    [sender_bonus] => 0
    [amount_bonus] => 0
    [mpi_eci] => 7
    [is_3ds] => 
    [language] => uk
    [create_date] => 1752149381138
    [end_date] => 1752149381283
    [transaction_id] => 2675662867
)
10-07-2025 12:11:22
 Status: success10-07-2025 12:11:22
success10-07-2025 12:11:22
 order_id: 651310-07-2025 12:11:22
 order_id: stdClass Object
(
    [payment_id] => 2675662867
    [action] => pay
    [status] => success
    [version] => 3
    [type] => buy
    [paytype] => card
    [public_key] => sandbox_i55978728567
    [acq_id] => 414963
    [order_id] => 6513
    [liqpay_order_id] => SYW9MYMO1752149381135841
    [description] => Передоплата замовлення № 6513
    [sender_first_name] => вівп
    [sender_last_name] => іва
    [sender_card_mask2] => 424242*42
    [sender_card_bank] => Test
    [sender_card_type] => visa
    [sender_card_country] => 804
    [ip] => 159.224.12.212
    [amount] => 200
    [currency] => UAH
    [sender_commission] => 0
    [receiver_commission] => 3
    [agent_commission] => 0
    [amount_debit] => 200
    [amount_credit] => 200
    [commission_debit] => 0
    [commission_credit] => 3
    [currency_debit] => UAH
    [currency_credit] => UAH
    [sender_bonus] => 0
    [amount_bonus] => 0
    [mpi_eci] => 7
    [is_3ds] => 
    [language] => uk
    [create_date] => 1752149381138
    [end_date] => 1752149381283
    [transaction_id] => 2675662867
)
10-07-2025 12:19:56
 Status: success10-07-2025 12:19:56
success10-07-2025 12:19:56
 order_id: 651410-07-2025 12:19:56
 order_id: stdClass Object
(
    [payment_id] => 2675669326
    [action] => pay
    [status] => success
    [version] => 3
    [type] => buy
    [paytype] => card
    [public_key] => sandbox_i55978728567
    [acq_id] => 414963
    [order_id] => 6514
    [liqpay_order_id] => 7SBKCXJ91752149995902651
    [description] => Payment for order № 6514
    [sender_first_name] => ываыв
    [sender_last_name] => ывп
    [sender_card_mask2] => 424242*42
    [sender_card_bank] => Test
    [sender_card_type] => visa
    [sender_card_country] => 804
    [ip] => 159.224.12.212
    [amount] => 2900
    [currency] => UAH
    [sender_commission] => 0
    [receiver_commission] => 43.5
    [agent_commission] => 0
    [amount_debit] => 2900
    [amount_credit] => 2900
    [commission_debit] => 0
    [commission_credit] => 43.5
    [currency_debit] => UAH
    [currency_credit] => UAH
    [sender_bonus] => 0
    [amount_bonus] => 0
    [mpi_eci] => 7
    [is_3ds] => 
    [language] => uk
    [create_date] => 1752149995904
    [end_date] => 1752149996036
    [transaction_id] => 2675669326
)
10-07-2025 12:19:56
testestestetse10-07-2025 12:19:56
290010-07-2025 12:19:56
testestestetse10-07-2025 12:20:56
 Status: success10-07-2025 12:20:56
success10-07-2025 12:20:56
 order_id: 651410-07-2025 12:20:56
 order_id: stdClass Object
(
    [payment_id] => 2675669326
    [action] => pay
    [status] => success
    [version] => 3
    [type] => buy
    [paytype] => card
    [public_key] => sandbox_i55978728567
    [acq_id] => 414963
    [order_id] => 6514
    [liqpay_order_id] => 7SBKCXJ91752149995902651
    [description] => Payment for order № 6514
    [sender_first_name] => ываыв
    [sender_last_name] => ывп
    [sender_card_mask2] => 424242*42
    [sender_card_bank] => Test
    [sender_card_type] => visa
    [sender_card_country] => 804
    [ip] => 159.224.12.212
    [amount] => 2900
    [currency] => UAH
    [sender_commission] => 0
    [receiver_commission] => 43.5
    [agent_commission] => 0
    [amount_debit] => 2900
    [amount_credit] => 2900
    [commission_debit] => 0
    [commission_credit] => 43.5
    [currency_debit] => UAH
    [currency_credit] => UAH
    [sender_bonus] => 0
    [amount_bonus] => 0
    [mpi_eci] => 7
    [is_3ds] => 
    [language] => uk
    [create_date] => 1752149995904
    [end_date] => 1752149996036
    [transaction_id] => 2675669326
)
10-07-2025 12:21:38
 Status: success10-07-2025 12:21:38
success10-07-2025 12:21:38
 order_id: 651410-07-2025 12:21:38
 order_id: stdClass Object
(
    [payment_id] => 2675669326
    [action] => pay
    [status] => success
    [version] => 3
    [type] => buy
    [paytype] => card
    [public_key] => sandbox_i55978728567
    [acq_id] => 414963
    [order_id] => 6514
    [liqpay_order_id] => 7SBKCXJ91752149995902651
    [description] => Payment for order № 6514
    [sender_first_name] => ываыв
    [sender_last_name] => ывп
    [sender_card_mask2] => 424242*42
    [sender_card_bank] => Test
    [sender_card_type] => visa
    [sender_card_country] => 804
    [ip] => 159.224.12.212
    [amount] => 2900
    [currency] => UAH
    [sender_commission] => 0
    [receiver_commission] => 43.5
    [agent_commission] => 0
    [amount_debit] => 2900
    [amount_credit] => 2900
    [commission_debit] => 0
    [commission_credit] => 43.5
    [currency_debit] => UAH
    [currency_credit] => UAH
    [sender_bonus] => 0
    [amount_bonus] => 0
    [mpi_eci] => 7
    [is_3ds] => 
    [language] => uk
    [create_date] => 1752149995904
    [end_date] => 1752149996036
    [transaction_id] => 2675669326
)
10-07-2025 12:21:38
 Status: success10-07-2025 12:21:38
success10-07-2025 12:21:38
 order_id: 651410-07-2025 12:21:38
 order_id: stdClass Object
(
    [payment_id] => 2675669326
    [action] => pay
    [status] => success
    [version] => 3
    [type] => buy
    [paytype] => card
    [public_key] => sandbox_i55978728567
    [acq_id] => 414963
    [order_id] => 6514
    [liqpay_order_id] => 7SBKCXJ91752149995902651
    [description] => Payment for order № 6514
    [sender_first_name] => ываыв
    [sender_last_name] => ывп
    [sender_card_mask2] => 424242*42
    [sender_card_bank] => Test
    [sender_card_type] => visa
    [sender_card_country] => 804
    [ip] => 159.224.12.212
    [amount] => 2900
    [currency] => UAH
    [sender_commission] => 0
    [receiver_commission] => 43.5
    [agent_commission] => 0
    [amount_debit] => 2900
    [amount_credit] => 2900
    [commission_debit] => 0
    [commission_credit] => 43.5
    [currency_debit] => UAH
    [currency_credit] => UAH
    [sender_bonus] => 0
    [amount_bonus] => 0
    [mpi_eci] => 7
    [is_3ds] => 
    [language] => uk
    [create_date] => 1752149995904
    [end_date] => 1752149996036
    [transaction_id] => 2675669326
)
11-07-2025 06:54:24
 Status: success11-07-2025 06:54:24
success11-07-2025 06:54:24
 order_id: 651511-07-2025 06:54:24
 order_id: stdClass Object
(
    [payment_id] => 2676032734
    [action] => pay
    [status] => success
    [version] => 3
    [type] => buy
    [paytype] => card
    [public_key] => sandbox_i55978728567
    [acq_id] => 414963
    [order_id] => 6515
    [liqpay_order_id] => 24OTO4Y21752216863445646
    [description] => Передоплата замовлення № 6515
    [sender_first_name] => мллюдж
    [sender_last_name] => олджрол
    [sender_card_mask2] => 424242*42
    [sender_card_bank] => Test
    [sender_card_type] => visa
    [sender_card_country] => 804
    [ip] => 159.224.12.212
    [amount] => 200
    [currency] => UAH
    [sender_commission] => 0
    [receiver_commission] => 3
    [agent_commission] => 0
    [amount_debit] => 200
    [amount_credit] => 200
    [commission_debit] => 0
    [commission_credit] => 3
    [currency_debit] => UAH
    [currency_credit] => UAH
    [sender_bonus] => 0
    [amount_bonus] => 0
    [mpi_eci] => 7
    [is_3ds] => 
    [language] => uk
    [create_date] => 1752216863448
    [end_date] => 1752216863585
    [transaction_id] => 2676032734
)
11-07-2025 06:54:24
testestestetse11-07-2025 06:54:24
20011-07-2025 06:54:24
testestestetse11-07-2025 06:55:24
 Status: success11-07-2025 06:55:24
success11-07-2025 06:55:24
 order_id: 651511-07-2025 06:55:24
 order_id: stdClass Object
(
    [payment_id] => 2676032734
    [action] => pay
    [status] => success
    [version] => 3
    [type] => buy
    [paytype] => card
    [public_key] => sandbox_i55978728567
    [acq_id] => 414963
    [order_id] => 6515
    [liqpay_order_id] => 24OTO4Y21752216863445646
    [description] => Передоплата замовлення № 6515
    [sender_first_name] => мллюдж
    [sender_last_name] => олджрол
    [sender_card_mask2] => 424242*42
    [sender_card_bank] => Test
    [sender_card_type] => visa
    [sender_card_country] => 804
    [ip] => 159.224.12.212
    [amount] => 200
    [currency] => UAH
    [sender_commission] => 0
    [receiver_commission] => 3
    [agent_commission] => 0
    [amount_debit] => 200
    [amount_credit] => 200
    [commission_debit] => 0
    [commission_credit] => 3
    [currency_debit] => UAH
    [currency_credit] => UAH
    [sender_bonus] => 0
    [amount_bonus] => 0
    [mpi_eci] => 7
    [is_3ds] => 
    [language] => uk
    [create_date] => 1752216863448
    [end_date] => 1752216863585
    [transaction_id] => 2676032734
)
11-07-2025 06:56:05
 Status: success11-07-2025 06:56:05
success11-07-2025 06:56:05
 order_id: 651511-07-2025 06:56:05
 order_id: stdClass Object
(
    [payment_id] => 2676032734
    [action] => pay
    [status] => success
    [version] => 3
    [type] => buy
    [paytype] => card
    [public_key] => sandbox_i55978728567
    [acq_id] => 414963
    [order_id] => 6515
    [liqpay_order_id] => 24OTO4Y21752216863445646
    [description] => Передоплата замовлення № 6515
    [sender_first_name] => мллюдж
    [sender_last_name] => олджрол
    [sender_card_mask2] => 424242*42
    [sender_card_bank] => Test
    [sender_card_type] => visa
    [sender_card_country] => 804
    [ip] => 159.224.12.212
    [amount] => 200
    [currency] => UAH
    [sender_commission] => 0
    [receiver_commission] => 3
    [agent_commission] => 0
    [amount_debit] => 200
    [amount_credit] => 200
    [commission_debit] => 0
    [commission_credit] => 3
    [currency_debit] => UAH
    [currency_credit] => UAH
    [sender_bonus] => 0
    [amount_bonus] => 0
    [mpi_eci] => 7
    [is_3ds] => 
    [language] => uk
    [create_date] => 1752216863448
    [end_date] => 1752216863585
    [transaction_id] => 2676032734
)
11-07-2025 06:56:05
 Status: success11-07-2025 06:56:05
success11-07-2025 06:56:05
 order_id: 651511-07-2025 06:56:05
 order_id: stdClass Object
(
    [payment_id] => 2676032734
    [action] => pay
    [status] => success
    [version] => 3
    [type] => buy
    [paytype] => card
    [public_key] => sandbox_i55978728567
    [acq_id] => 414963
    [order_id] => 6515
    [liqpay_order_id] => 24OTO4Y21752216863445646
    [description] => Передоплата замовлення № 6515
    [sender_first_name] => мллюдж
    [sender_last_name] => олджрол
    [sender_card_mask2] => 424242*42
    [sender_card_bank] => Test
    [sender_card_type] => visa
    [sender_card_country] => 804
    [ip] => 159.224.12.212
    [amount] => 200
    [currency] => UAH
    [sender_commission] => 0
    [receiver_commission] => 3
    [agent_commission] => 0
    [amount_debit] => 200
    [amount_credit] => 200
    [commission_debit] => 0
    [commission_credit] => 3
    [currency_debit] => UAH
    [currency_credit] => UAH
    [sender_bonus] => 0
    [amount_bonus] => 0
    [mpi_eci] => 7
    [is_3ds] => 
    [language] => uk
    [create_date] => 1752216863448
    [end_date] => 1752216863585
    [transaction_id] => 2676032734
)
11-07-2025 10:32:28
 Status: success11-07-2025 10:32:28
success11-07-2025 10:32:28
 order_id: 651611-07-2025 10:32:28
 order_id: stdClass Object
(
    [payment_id] => 2676172522
    [action] => pay
    [status] => success
    [version] => 3
    [type] => buy
    [paytype] => card
    [public_key] => sandbox_i55978728567
    [acq_id] => 414963
    [order_id] => 6516
    [liqpay_order_id] => X85BE29S1752229948265026
    [description] => Payment for order № 6516
    [sender_first_name] => fgfjh
    [sender_last_name] => fghd
    [sender_card_mask2] => 424242*42
    [sender_card_bank] => Test
    [sender_card_type] => visa
    [sender_card_country] => 804
    [ip] => 178.151.152.228
    [amount] => 324
    [currency] => UAH
    [sender_commission] => 0
    [receiver_commission] => 4.86
    [agent_commission] => 0
    [amount_debit] => 324
    [amount_credit] => 324
    [commission_debit] => 0
    [commission_credit] => 4.86
    [currency_debit] => UAH
    [currency_credit] => UAH
    [sender_bonus] => 0
    [amount_bonus] => 0
    [mpi_eci] => 7
    [is_3ds] => 
    [language] => uk
    [create_date] => 1752229948267
    [end_date] => 1752229948422
    [transaction_id] => 2676172522
)
11-07-2025 10:32:28
testestestetse11-07-2025 10:32:28
32411-07-2025 10:32:28
testestestetse11-07-2025 10:33:29
 Status: success11-07-2025 10:33:29
success11-07-2025 10:33:29
 order_id: 651611-07-2025 10:33:29
 order_id: stdClass Object
(
    [payment_id] => 2676172522
    [action] => pay
    [status] => success
    [version] => 3
    [type] => buy
    [paytype] => card
    [public_key] => sandbox_i55978728567
    [acq_id] => 414963
    [order_id] => 6516
    [liqpay_order_id] => X85BE29S1752229948265026
    [description] => Payment for order № 6516
    [sender_first_name] => fgfjh
    [sender_last_name] => fghd
    [sender_card_mask2] => 424242*42
    [sender_card_bank] => Test
    [sender_card_type] => visa
    [sender_card_country] => 804
    [ip] => 178.151.152.228
    [amount] => 324
    [currency] => UAH
    [sender_commission] => 0
    [receiver_commission] => 4.86
    [agent_commission] => 0
    [amount_debit] => 324
    [amount_credit] => 324
    [commission_debit] => 0
    [commission_credit] => 4.86
    [currency_debit] => UAH
    [currency_credit] => UAH
    [sender_bonus] => 0
    [amount_bonus] => 0
    [mpi_eci] => 7
    [is_3ds] => 
    [language] => uk
    [create_date] => 1752229948267
    [end_date] => 1752229948422
    [transaction_id] => 2676172522
)
11-07-2025 10:34:09
 Status: success11-07-2025 10:34:09
success11-07-2025 10:34:09
 order_id: 651611-07-2025 10:34:09
 order_id: stdClass Object
(
    [payment_id] => 2676172522
    [action] => pay
    [status] => success
    [version] => 3
    [type] => buy
    [paytype] => card
    [public_key] => sandbox_i55978728567
    [acq_id] => 414963
    [order_id] => 6516
    [liqpay_order_id] => X85BE29S1752229948265026
    [description] => Payment for order № 6516
    [sender_first_name] => fgfjh
    [sender_last_name] => fghd
    [sender_card_mask2] => 424242*42
    [sender_card_bank] => Test
    [sender_card_type] => visa
    [sender_card_country] => 804
    [ip] => 178.151.152.228
    [amount] => 324
    [currency] => UAH
    [sender_commission] => 0
    [receiver_commission] => 4.86
    [agent_commission] => 0
    [amount_debit] => 324
    [amount_credit] => 324
    [commission_debit] => 0
    [commission_credit] => 4.86
    [currency_debit] => UAH
    [currency_credit] => UAH
    [sender_bonus] => 0
    [amount_bonus] => 0
    [mpi_eci] => 7
    [is_3ds] => 
    [language] => uk
    [create_date] => 1752229948267
    [end_date] => 1752229948422
    [transaction_id] => 2676172522
)
11-07-2025 10:34:09
 Status: success11-07-2025 10:34:09
success11-07-2025 10:34:09
 order_id: 651611-07-2025 10:34:09
 order_id: stdClass Object
(
    [payment_id] => 2676172522
    [action] => pay
    [status] => success
    [version] => 3
    [type] => buy
    [paytype] => card
    [public_key] => sandbox_i55978728567
    [acq_id] => 414963
    [order_id] => 6516
    [liqpay_order_id] => X85BE29S1752229948265026
    [description] => Payment for order № 6516
    [sender_first_name] => fgfjh
    [sender_last_name] => fghd
    [sender_card_mask2] => 424242*42
    [sender_card_bank] => Test
    [sender_card_type] => visa
    [sender_card_country] => 804
    [ip] => 178.151.152.228
    [amount] => 324
    [currency] => UAH
    [sender_commission] => 0
    [receiver_commission] => 4.86
    [agent_commission] => 0
    [amount_debit] => 324
    [amount_credit] => 324
    [commission_debit] => 0
    [commission_credit] => 4.86
    [currency_debit] => UAH
    [currency_credit] => UAH
    [sender_bonus] => 0
    [amount_bonus] => 0
    [mpi_eci] => 7
    [is_3ds] => 
    [language] => uk
    [create_date] => 1752229948267
    [end_date] => 1752229948422
    [transaction_id] => 2676172522
)
11-07-2025 11:04:52
 Status: success11-07-2025 11:04:52
success11-07-2025 11:04:52
 order_id: 651711-07-2025 11:04:52
 order_id: stdClass Object
(
    [payment_id] => 2676193360
    [action] => pay
    [status] => success
    [version] => 3
    [type] => buy
    [paytype] => card
    [public_key] => sandbox_i55978728567
    [acq_id] => 414963
    [order_id] => 6517
    [liqpay_order_id] => E8M066V91752231892424188
    [description] => Payment for order № 6517
    [sender_first_name] => dgfhgjh
    [sender_last_name] => dfghjk
    [sender_card_mask2] => 424242*42
    [sender_card_bank] => Test
    [sender_card_type] => visa
    [sender_card_country] => 804
    [ip] => 178.151.152.228
    [amount] => 400
    [currency] => UAH
    [sender_commission] => 0
    [receiver_commission] => 6
    [agent_commission] => 0
    [amount_debit] => 400
    [amount_credit] => 400
    [commission_debit] => 0
    [commission_credit] => 6
    [currency_debit] => UAH
    [currency_credit] => UAH
    [sender_bonus] => 0
    [amount_bonus] => 0
    [mpi_eci] => 7
    [is_3ds] => 
    [language] => uk
    [create_date] => 1752231892427
    [end_date] => 1752231892570
    [transaction_id] => 2676193360
)
11-07-2025 11:04:52
testestestetse11-07-2025 11:04:52
40011-07-2025 11:04:52
testestestetse11-07-2025 11:05:53
 Status: success11-07-2025 11:05:53
success11-07-2025 11:05:53
 order_id: 651711-07-2025 11:05:53
 order_id: stdClass Object
(
    [payment_id] => 2676193360
    [action] => pay
    [status] => success
    [version] => 3
    [type] => buy
    [paytype] => card
    [public_key] => sandbox_i55978728567
    [acq_id] => 414963
    [order_id] => 6517
    [liqpay_order_id] => E8M066V91752231892424188
    [description] => Payment for order № 6517
    [sender_first_name] => dgfhgjh
    [sender_last_name] => dfghjk
    [sender_card_mask2] => 424242*42
    [sender_card_bank] => Test
    [sender_card_type] => visa
    [sender_card_country] => 804
    [ip] => 178.151.152.228
    [amount] => 400
    [currency] => UAH
    [sender_commission] => 0
    [receiver_commission] => 6
    [agent_commission] => 0
    [amount_debit] => 400
    [amount_credit] => 400
    [commission_debit] => 0
    [commission_credit] => 6
    [currency_debit] => UAH
    [currency_credit] => UAH
    [sender_bonus] => 0
    [amount_bonus] => 0
    [mpi_eci] => 7
    [is_3ds] => 
    [language] => uk
    [create_date] => 1752231892427
    [end_date] => 1752231892570
    [transaction_id] => 2676193360
)
11-07-2025 11:06:34
 Status: success11-07-2025 11:06:34
success11-07-2025 11:06:34
 order_id: 651711-07-2025 11:06:34
 order_id: stdClass Object
(
    [payment_id] => 2676193360
    [action] => pay
    [status] => success
    [version] => 3
    [type] => buy
    [paytype] => card
    [public_key] => sandbox_i55978728567
    [acq_id] => 414963
    [order_id] => 6517
    [liqpay_order_id] => E8M066V91752231892424188
    [description] => Payment for order № 6517
    [sender_first_name] => dgfhgjh
    [sender_last_name] => dfghjk
    [sender_card_mask2] => 424242*42
    [sender_card_bank] => Test
    [sender_card_type] => visa
    [sender_card_country] => 804
    [ip] => 178.151.152.228
    [amount] => 400
    [currency] => UAH
    [sender_commission] => 0
    [receiver_commission] => 6
    [agent_commission] => 0
    [amount_debit] => 400
    [amount_credit] => 400
    [commission_debit] => 0
    [commission_credit] => 6
    [currency_debit] => UAH
    [currency_credit] => UAH
    [sender_bonus] => 0
    [amount_bonus] => 0
    [mpi_eci] => 7
    [is_3ds] => 
    [language] => uk
    [create_date] => 1752231892427
    [end_date] => 1752231892570
    [transaction_id] => 2676193360
)
11-07-2025 11:06:34
 Status: success11-07-2025 11:06:34
success11-07-2025 11:06:34
 order_id: 651711-07-2025 11:06:34
 order_id: stdClass Object
(
    [payment_id] => 2676193360
    [action] => pay
    [status] => success
    [version] => 3
    [type] => buy
    [paytype] => card
    [public_key] => sandbox_i55978728567
    [acq_id] => 414963
    [order_id] => 6517
    [liqpay_order_id] => E8M066V91752231892424188
    [description] => Payment for order № 6517
    [sender_first_name] => dgfhgjh
    [sender_last_name] => dfghjk
    [sender_card_mask2] => 424242*42
    [sender_card_bank] => Test
    [sender_card_type] => visa
    [sender_card_country] => 804
    [ip] => 178.151.152.228
    [amount] => 400
    [currency] => UAH
    [sender_commission] => 0
    [receiver_commission] => 6
    [agent_commission] => 0
    [amount_debit] => 400
    [amount_credit] => 400
    [commission_debit] => 0
    [commission_credit] => 6
    [currency_debit] => UAH
    [currency_credit] => UAH
    [sender_bonus] => 0
    [amount_bonus] => 0
    [mpi_eci] => 7
    [is_3ds] => 
    [language] => uk
    [create_date] => 1752231892427
    [end_date] => 1752231892570
    [transaction_id] => 2676193360
)
11-07-2025 11:31:13
 Status: success11-07-2025 11:31:13
success11-07-2025 11:31:13
 order_id: 651811-07-2025 11:31:13
 order_id: stdClass Object
(
    [payment_id] => 2676209660
    [action] => pay
    [status] => success
    [version] => 3
    [type] => buy
    [paytype] => card
    [public_key] => sandbox_i55978728567
    [acq_id] => 414963
    [order_id] => 6518
    [liqpay_order_id] => JZ22KYR81752233473321535
    [description] => Payment for order № 6518
    [sender_first_name] => аро
    [sender_last_name] => аоо
    [sender_card_mask2] => 424242*42
    [sender_card_bank] => Test
    [sender_card_type] => visa
    [sender_card_country] => 804
    [ip] => 178.151.152.228
    [amount] => 600
    [currency] => UAH
    [sender_commission] => 0
    [receiver_commission] => 9
    [agent_commission] => 0
    [amount_debit] => 600
    [amount_credit] => 600
    [commission_debit] => 0
    [commission_credit] => 9
    [currency_debit] => UAH
    [currency_credit] => UAH
    [sender_bonus] => 0
    [amount_bonus] => 0
    [mpi_eci] => 7
    [is_3ds] => 
    [language] => uk
    [create_date] => 1752233473323
    [end_date] => 1752233473468
    [transaction_id] => 2676209660
)
11-07-2025 11:31:13
testestestetse11-07-2025 11:31:13
60011-07-2025 11:31:13
testestestetse11-07-2025 11:32:14
 Status: success11-07-2025 11:32:14
success11-07-2025 11:32:14
 order_id: 651811-07-2025 11:32:14
 order_id: stdClass Object
(
    [payment_id] => 2676209660
    [action] => pay
    [status] => success
    [version] => 3
    [type] => buy
    [paytype] => card
    [public_key] => sandbox_i55978728567
    [acq_id] => 414963
    [order_id] => 6518
    [liqpay_order_id] => JZ22KYR81752233473321535
    [description] => Payment for order № 6518
    [sender_first_name] => аро
    [sender_last_name] => аоо
    [sender_card_mask2] => 424242*42
    [sender_card_bank] => Test
    [sender_card_type] => visa
    [sender_card_country] => 804
    [ip] => 178.151.152.228
    [amount] => 600
    [currency] => UAH
    [sender_commission] => 0
    [receiver_commission] => 9
    [agent_commission] => 0
    [amount_debit] => 600
    [amount_credit] => 600
    [commission_debit] => 0
    [commission_credit] => 9
    [currency_debit] => UAH
    [currency_credit] => UAH
    [sender_bonus] => 0
    [amount_bonus] => 0
    [mpi_eci] => 7
    [is_3ds] => 
    [language] => uk
    [create_date] => 1752233473323
    [end_date] => 1752233473468
    [transaction_id] => 2676209660
)
11-07-2025 11:32:55
 Status: success11-07-2025 11:32:55
success11-07-2025 11:32:55
 order_id: 651811-07-2025 11:32:55
 order_id: stdClass Object
(
    [payment_id] => 2676209660
    [action] => pay
    [status] => success
    [version] => 3
    [type] => buy
    [paytype] => card
    [public_key] => sandbox_i55978728567
    [acq_id] => 414963
    [order_id] => 6518
    [liqpay_order_id] => JZ22KYR81752233473321535
    [description] => Payment for order № 6518
    [sender_first_name] => аро
    [sender_last_name] => аоо
    [sender_card_mask2] => 424242*42
    [sender_card_bank] => Test
    [sender_card_type] => visa
    [sender_card_country] => 804
    [ip] => 178.151.152.228
    [amount] => 600
    [currency] => UAH
    [sender_commission] => 0
    [receiver_commission] => 9
    [agent_commission] => 0
    [amount_debit] => 600
    [amount_credit] => 600
    [commission_debit] => 0
    [commission_credit] => 9
    [currency_debit] => UAH
    [currency_credit] => UAH
    [sender_bonus] => 0
    [amount_bonus] => 0
    [mpi_eci] => 7
    [is_3ds] => 
    [language] => uk
    [create_date] => 1752233473323
    [end_date] => 1752233473468
    [transaction_id] => 2676209660
)
11-07-2025 11:32:55
 Status: success11-07-2025 11:32:55
success11-07-2025 11:32:55
 order_id: 651811-07-2025 11:32:55
 order_id: stdClass Object
(
    [payment_id] => 2676209660
    [action] => pay
    [status] => success
    [version] => 3
    [type] => buy
    [paytype] => card
    [public_key] => sandbox_i55978728567
    [acq_id] => 414963
    [order_id] => 6518
    [liqpay_order_id] => JZ22KYR81752233473321535
    [description] => Payment for order № 6518
    [sender_first_name] => аро
    [sender_last_name] => аоо
    [sender_card_mask2] => 424242*42
    [sender_card_bank] => Test
    [sender_card_type] => visa
    [sender_card_country] => 804
    [ip] => 178.151.152.228
    [amount] => 600
    [currency] => UAH
    [sender_commission] => 0
    [receiver_commission] => 9
    [agent_commission] => 0
    [amount_debit] => 600
    [amount_credit] => 600
    [commission_debit] => 0
    [commission_credit] => 9
    [currency_debit] => UAH
    [currency_credit] => UAH
    [sender_bonus] => 0
    [amount_bonus] => 0
    [mpi_eci] => 7
    [is_3ds] => 
    [language] => uk
    [create_date] => 1752233473323
    [end_date] => 1752233473468
    [transaction_id] => 2676209660
)
11-07-2025 11:36:20
 Status: success11-07-2025 11:36:20
success11-07-2025 11:36:20
 order_id: 651911-07-2025 11:36:20
 order_id: stdClass Object
(
    [payment_id] => 2676212695
    [action] => pay
    [status] => success
    [version] => 3
    [type] => buy
    [paytype] => card
    [public_key] => sandbox_i55978728567
    [acq_id] => 414963
    [order_id] => 6519
    [liqpay_order_id] => 8QE013P01752233779720992
    [description] => Payment for order № 6519
    [sender_first_name] => вапро
    [sender_last_name] => впарол
    [sender_card_mask2] => 424242*42
    [sender_card_bank] => Test
    [sender_card_type] => visa
    [sender_card_country] => 804
    [ip] => 178.151.152.228
    [amount] => 800
    [currency] => UAH
    [sender_commission] => 0
    [receiver_commission] => 12
    [agent_commission] => 0
    [amount_debit] => 800
    [amount_credit] => 800
    [commission_debit] => 0
    [commission_credit] => 12
    [currency_debit] => UAH
    [currency_credit] => UAH
    [sender_bonus] => 0
    [amount_bonus] => 0
    [mpi_eci] => 7
    [is_3ds] => 
    [language] => uk
    [create_date] => 1752233779724
    [end_date] => 1752233779864
    [transaction_id] => 2676212695
)
11-07-2025 11:36:20
testestestetse11-07-2025 11:36:20
80011-07-2025 11:36:20
testestestetse11-07-2025 11:37:20
 Status: success11-07-2025 11:37:20
success11-07-2025 11:37:20
 order_id: 651911-07-2025 11:37:20
 order_id: stdClass Object
(
    [payment_id] => 2676212695
    [action] => pay
    [status] => success
    [version] => 3
    [type] => buy
    [paytype] => card
    [public_key] => sandbox_i55978728567
    [acq_id] => 414963
    [order_id] => 6519
    [liqpay_order_id] => 8QE013P01752233779720992
    [description] => Payment for order № 6519
    [sender_first_name] => вапро
    [sender_last_name] => впарол
    [sender_card_mask2] => 424242*42
    [sender_card_bank] => Test
    [sender_card_type] => visa
    [sender_card_country] => 804
    [ip] => 178.151.152.228
    [amount] => 800
    [currency] => UAH
    [sender_commission] => 0
    [receiver_commission] => 12
    [agent_commission] => 0
    [amount_debit] => 800
    [amount_credit] => 800
    [commission_debit] => 0
    [commission_credit] => 12
    [currency_debit] => UAH
    [currency_credit] => UAH
    [sender_bonus] => 0
    [amount_bonus] => 0
    [mpi_eci] => 7
    [is_3ds] => 
    [language] => uk
    [create_date] => 1752233779724
    [end_date] => 1752233779864
    [transaction_id] => 2676212695
)
11-07-2025 11:38:00
 Status: success11-07-2025 11:38:00
success11-07-2025 11:38:00
 order_id: 651911-07-2025 11:38:00
 order_id: stdClass Object
(
    [payment_id] => 2676212695
    [action] => pay
    [status] => success
    [version] => 3
    [type] => buy
    [paytype] => card
    [public_key] => sandbox_i55978728567
    [acq_id] => 414963
    [order_id] => 6519
    [liqpay_order_id] => 8QE013P01752233779720992
    [description] => Payment for order № 6519
    [sender_first_name] => вапро
    [sender_last_name] => впарол
    [sender_card_mask2] => 424242*42
    [sender_card_bank] => Test
    [sender_card_type] => visa
    [sender_card_country] => 804
    [ip] => 178.151.152.228
    [amount] => 800
    [currency] => UAH
    [sender_commission] => 0
    [receiver_commission] => 12
    [agent_commission] => 0
    [amount_debit] => 800
    [amount_credit] => 800
    [commission_debit] => 0
    [commission_credit] => 12
    [currency_debit] => UAH
    [currency_credit] => UAH
    [sender_bonus] => 0
    [amount_bonus] => 0
    [mpi_eci] => 7
    [is_3ds] => 
    [language] => uk
    [create_date] => 1752233779724
    [end_date] => 1752233779864
    [transaction_id] => 2676212695
)
11-07-2025 11:38:00
 Status: success11-07-2025 11:38:00
success11-07-2025 11:38:00
 order_id: 651911-07-2025 11:38:00
 order_id: stdClass Object
(
    [payment_id] => 2676212695
    [action] => pay
    [status] => success
    [version] => 3
    [type] => buy
    [paytype] => card
    [public_key] => sandbox_i55978728567
    [acq_id] => 414963
    [order_id] => 6519
    [liqpay_order_id] => 8QE013P01752233779720992
    [description] => Payment for order № 6519
    [sender_first_name] => вапро
    [sender_last_name] => впарол
    [sender_card_mask2] => 424242*42
    [sender_card_bank] => Test
    [sender_card_type] => visa
    [sender_card_country] => 804
    [ip] => 178.151.152.228
    [amount] => 800
    [currency] => UAH
    [sender_commission] => 0
    [receiver_commission] => 12
    [agent_commission] => 0
    [amount_debit] => 800
    [amount_credit] => 800
    [commission_debit] => 0
    [commission_credit] => 12
    [currency_debit] => UAH
    [currency_credit] => UAH
    [sender_bonus] => 0
    [amount_bonus] => 0
    [mpi_eci] => 7
    [is_3ds] => 
    [language] => uk
    [create_date] => 1752233779724
    [end_date] => 1752233779864
    [transaction_id] => 2676212695
)
11-07-2025 11:39:35
 Status: success11-07-2025 11:39:35
success11-07-2025 11:39:35
 order_id: 652011-07-2025 11:39:35
 order_id: stdClass Object
(
    [payment_id] => 2676214667
    [action] => pay
    [status] => success
    [version] => 3
    [type] => buy
    [paytype] => card
    [public_key] => sandbox_i55978728567
    [acq_id] => 414963
    [order_id] => 6520
    [liqpay_order_id] => 68V0FQ8O1752233975397785
    [description] => Payment for order № 6520
    [sender_first_name] => івар
    [sender_last_name] => івапр
    [sender_card_mask2] => 424242*42
    [sender_card_bank] => Test
    [sender_card_type] => visa
    [sender_card_country] => 804
    [ip] => 178.151.152.228
    [amount] => 800
    [currency] => UAH
    [sender_commission] => 0
    [receiver_commission] => 12
    [agent_commission] => 0
    [amount_debit] => 800
    [amount_credit] => 800
    [commission_debit] => 0
    [commission_credit] => 12
    [currency_debit] => UAH
    [currency_credit] => UAH
    [sender_bonus] => 0
    [amount_bonus] => 0
    [mpi_eci] => 7
    [is_3ds] => 
    [language] => uk
    [create_date] => 1752233975401
    [end_date] => 1752233975551
    [transaction_id] => 2676214667
)
11-07-2025 11:39:35
testestestetse11-07-2025 11:39:35
80011-07-2025 11:39:35
testestestetse11-07-2025 11:40:36
 Status: success11-07-2025 11:40:36
success11-07-2025 11:40:36
 order_id: 652011-07-2025 11:40:36
 order_id: stdClass Object
(
    [payment_id] => 2676214667
    [action] => pay
    [status] => success
    [version] => 3
    [type] => buy
    [paytype] => card
    [public_key] => sandbox_i55978728567
    [acq_id] => 414963
    [order_id] => 6520
    [liqpay_order_id] => 68V0FQ8O1752233975397785
    [description] => Payment for order № 6520
    [sender_first_name] => івар
    [sender_last_name] => івапр
    [sender_card_mask2] => 424242*42
    [sender_card_bank] => Test
    [sender_card_type] => visa
    [sender_card_country] => 804
    [ip] => 178.151.152.228
    [amount] => 800
    [currency] => UAH
    [sender_commission] => 0
    [receiver_commission] => 12
    [agent_commission] => 0
    [amount_debit] => 800
    [amount_credit] => 800
    [commission_debit] => 0
    [commission_credit] => 12
    [currency_debit] => UAH
    [currency_credit] => UAH
    [sender_bonus] => 0
    [amount_bonus] => 0
    [mpi_eci] => 7
    [is_3ds] => 
    [language] => uk
    [create_date] => 1752233975401
    [end_date] => 1752233975551
    [transaction_id] => 2676214667
)
11-07-2025 11:41:16
 Status: success11-07-2025 11:41:16
success11-07-2025 11:41:16
 order_id: 652011-07-2025 11:41:16
 order_id: stdClass Object
(
    [payment_id] => 2676214667
    [action] => pay
    [status] => success
    [version] => 3
    [type] => buy
    [paytype] => card
    [public_key] => sandbox_i55978728567
    [acq_id] => 414963
    [order_id] => 6520
    [liqpay_order_id] => 68V0FQ8O1752233975397785
    [description] => Payment for order № 6520
    [sender_first_name] => івар
    [sender_last_name] => івапр
    [sender_card_mask2] => 424242*42
    [sender_card_bank] => Test
    [sender_card_type] => visa
    [sender_card_country] => 804
    [ip] => 178.151.152.228
    [amount] => 800
    [currency] => UAH
    [sender_commission] => 0
    [receiver_commission] => 12
    [agent_commission] => 0
    [amount_debit] => 800
    [amount_credit] => 800
    [commission_debit] => 0
    [commission_credit] => 12
    [currency_debit] => UAH
    [currency_credit] => UAH
    [sender_bonus] => 0
    [amount_bonus] => 0
    [mpi_eci] => 7
    [is_3ds] => 
    [language] => uk
    [create_date] => 1752233975401
    [end_date] => 1752233975551
    [transaction_id] => 2676214667
)
11-07-2025 11:41:16
 Status: success11-07-2025 11:41:16
success11-07-2025 11:41:16
 order_id: 652011-07-2025 11:41:16
 order_id: stdClass Object
(
    [payment_id] => 2676214667
    [action] => pay
    [status] => success
    [version] => 3
    [type] => buy
    [paytype] => card
    [public_key] => sandbox_i55978728567
    [acq_id] => 414963
    [order_id] => 6520
    [liqpay_order_id] => 68V0FQ8O1752233975397785
    [description] => Payment for order № 6520
    [sender_first_name] => івар
    [sender_last_name] => івапр
    [sender_card_mask2] => 424242*42
    [sender_card_bank] => Test
    [sender_card_type] => visa
    [sender_card_country] => 804
    [ip] => 178.151.152.228
    [amount] => 800
    [currency] => UAH
    [sender_commission] => 0
    [receiver_commission] => 12
    [agent_commission] => 0
    [amount_debit] => 800
    [amount_credit] => 800
    [commission_debit] => 0
    [commission_credit] => 12
    [currency_debit] => UAH
    [currency_credit] => UAH
    [sender_bonus] => 0
    [amount_bonus] => 0
    [mpi_eci] => 7
    [is_3ds] => 
    [language] => uk
    [create_date] => 1752233975401
    [end_date] => 1752233975551
    [transaction_id] => 2676214667
)
